fecha_utc,volcano_id,volcan,sensor,vrp_mw,distancia_km,dentro_radio,clasificacion,capturado_utc,origen,clase_mirova
2000-06-23T03:35:00,357110,Llaima,MODIS,2.482e+04,29.00,0,no volcanica,2026-10-05T18:06:10,mirova-archivo,0
2000-07-12T04:05:00,357110,Llaima,MODIS,1.953e+04,22.02,0,no volcanica,2026-10-05T18:06:10,mirova-archivo,0
2000-10-23T04:10:00,357110,Llaima,MODIS,2.35e+04,20.81,0,no volcanica,2026-10-05T18:06:10,mirova-archivo,0
2001-01-22T03:50:00,357110,Llaima,MODIS,1.916e+04,14.21,0,no volcanica,2026-10-05T18:06:10,mirova-archivo,0
2001-03-09T04:05:00,357110,Llaima,MODIS,2.081e+04,22.20,0,no volcanica,2026-10-05T18:06:10,mirova-archivo,0
2001-03-17T03:15:00,357110,Llaima,MODIS,4.6e+04,25.00,0,no volcanica,2026-10-05T18:06:10,mirova-archivo,0
2001-07-31T04:00:00,357110,Llaima,MODIS,1.697e+04,26.00,0,no volcanica,2026-10-05T18:06:10,mirova-archivo,0
2001-09-23T03:20:00,357110,Llaima,MODIS,2.969e+04,8.54,0,no volcanica,2026-10-05T18:06:10,mirova-archivo,0
2001-10-15T04:20:00,357110,Llaima,MODIS,4.436e+04,20.02,0,no volcanica,2026-10-05T18:06:10,mirova-archivo,0
2002-01-23T03:55:00,357110,Llaima,MODIS,58.65,21.59,0,no volcanica,2026-10-05T18:06:10,mirova-archivo,0
2002-01-24T03:00:00,357110,Llaima,MODIS,9.362,21.38,0,no volcanica,2026-10-05T18:06:10,mirova-archivo,0
2002-02-03T03:35:00,357110,Llaima,MODIS,66,23.35,0,no volcanica,2026-10-05T18:06:10,mirova-archivo,0
2002-02-05T03:25:00,357110,Llaima,MODIS,1601,23.77,0,no volcanica,2026-10-05T18:06:10,mirova-archivo,0
2002-02-06T04:05:00,357110,Llaima,MODIS,95.62,22.80,0,no volcanica,2026-10-05T18:06:10,mirova-archivo,0
2002-02-07T03:10:00,357110,Llaima,MODIS,12.73,23.54,0,no volcanica,2026-10-05T18:06:10,mirova-archivo,0
2002-02-08T03:55:00,357110,Llaima,MODIS,50.59,23.77,0,no volcanica,2026-10-05T18:06:10,mirova-archivo,0
2002-02-10T03:40:00,357110,Llaima,MODIS,37.62,23.02,0,no volcanica,2026-10-05T18:06:10,mirova-archivo,0
2002-02-12T03:30:00,357110,Llaima,MODIS,56.21,24.04,0,no volcanica,2026-10-05T18:06:10,mirova-archivo,0
2002-02-13T04:10:00,357110,Llaima,MODIS,12.94,24.04,0,no volcanica,2026-10-05T18:06:10,mirova-archivo,0
2002-02-15T04:00:00,357110,Llaima,MODIS,2.864,24.04,0,no volcanica,2026-10-05T18:06:10,mirova-archivo,0
2002-02-21T03:25:00,357110,Llaima,MODIS,11.87,15.03,0,no volcanica,2026-10-05T18:06:10,mirova-archivo,0
2002-03-31T04:25:00,357110,Llaima,MODIS,551.6,24.52,0,no volcanica,2026-10-05T18:06:10,mirova-archivo,0
2002-07-15T03:25:00,357110,Llaima,MODIS,2.377e+04,9.22,0,no volcanica,2026-10-05T18:06:10,mirova-archivo,0
2002-08-19T03:55:00,357110,Llaima,MODIS,2.257e+04,18.38,0,no volcanica,2026-10-05T18:06:10,mirova-archivo,0
2002-11-07T03:55:00,357110,Llaima,MODIS,1.997e+04,25.30,0,no volcanica,2026-10-05T18:06:10,mirova-archivo,0
2003-02-23T04:15:00,357110,Llaima,MODIS,10.47,28.84,0,no volcanica,2026-10-05T18:06:10,mirova-archivo,0
2003-02-23T05:55:00,357110,Llaima,MODIS,4.084,28.30,0,no volcanica,2026-10-05T18:06:10,mirova-archivo,0
2003-04-01T06:10:00,357110,Llaima,MODIS,4.163,27.78,0,no volcanica,2026-10-05T18:06:10,mirova-archivo,0
2003-04-14T05:40:00,357110,Llaima,MODIS,4.985,29.73,0,no volcanica,2026-10-05T18:06:10,mirova-archivo,0
2003-05-22T03:30:00,357110,Llaima,MODIS,1.11,2.83,0,no volcanica,2026-10-05T18:06:10,mirova-archivo,0
2003-07-16T03:35:00,357110,Llaima,MODIS,2.026e+04,24.08,0,no volcanica,2026-10-05T18:06:10,mirova-archivo,0
2003-08-30T03:00:00,357110,Llaima,MODIS,4.038e+04,12.53,0,no volcanica,2026-10-05T18:06:10,mirova-archivo,0
2003-09-20T03:20:00,357110,Llaima,MODIS,2.775e+04,21.84,0,no volcanica,2026-10-05T18:06:10,mirova-archivo,0
2004-03-25T03:05:00,357110,Llaima,MODIS,2.528,29.70,0,no volcanica,2026-10-05T18:06:10,mirova-archivo,0
2004-03-25T06:20:00,357110,Llaima,MODIS,4.768,28.28,0,no volcanica,2026-10-05T18:06:10,mirova-archivo,0
2004-03-26T03:45:00,357110,Llaima,MODIS,3.103,28.28,0,no volcanica,2026-10-05T18:06:10,mirova-archivo,0
2004-04-25T04:00:00,357110,Llaima,MODIS,4057,25.30,0,no volcanica,2026-10-05T18:06:10,mirova-archivo,0
2004-04-29T03:35:00,357110,Llaima,MODIS,2.013e+04,12.08,0,no volcanica,2026-10-05T18:06:10,mirova-archivo,0
2004-05-14T02:50:00,357110,Llaima,MODIS,5.723e+04,17.72,0,no volcanica,2026-10-05T18:06:10,mirova-archivo,0
2004-12-23T03:45:00,357110,Llaima,MODIS,1.97e+04,24.19,0,no volcanica,2026-10-05T18:06:10,mirova-archivo,0
2005-04-25T03:25:00,357110,Llaima,MODIS,17.53,23.02,0,no volcanica,2026-10-05T18:06:10,mirova-archivo,0
2005-04-30T03:45:00,357110,Llaima,MODIS,3.932e+04,15.65,0,no volcanica,2026-10-05T18:06:10,mirova-archivo,0
2005-05-22T03:10:00,357110,Llaima,MODIS,0.2096,2.83,0,no volcanica,2026-10-05T18:06:10,mirova-archivo,0
2005-07-10T03:50:00,357110,Llaima,MODIS,1403,24.74,0,no volcanica,2026-10-05T18:06:10,mirova-archivo,0
2005-09-16T03:25:00,357110,Llaima,MODIS,12.5,29.07,0,no volcanica,2026-10-05T18:06:10,mirova-archivo,0
2006-05-23T03:20:00,357110,Llaima,MODIS,156.2,24.02,0,no volcanica,2026-10-05T18:06:10,mirova-archivo,0
2006-07-06T03:45:00,357110,Llaima,MODIS,7396,29.41,0,no volcanica,2026-10-05T18:06:10,mirova-archivo,0
2007-05-15T03:40:00,357110,Llaima,MODIS,1.838,18.79,0,no volcanica,2026-10-05T18:06:10,mirova-archivo,0
2007-06-02T03:30:00,357110,Llaima,MODIS,0.7463,1.41,1,muy baja,2026-10-05T18:06:10,mirova-archivo,1
2007-06-15T02:55:00,357110,Llaima,MODIS,43.7,4.47,1,moderada,2026-10-05T18:06:10,mirova-archivo,1
2007-06-15T04:35:00,357110,Llaima,MODIS,4.114,2.83,1,baja,2026-10-05T18:06:10,mirova-archivo,1
2007-06-15T06:15:00,357110,Llaima,MODIS,34.75,3.61,1,moderada,2026-10-05T18:06:10,mirova-archivo,1
2007-06-18T03:30:00,357110,Llaima,MODIS,0.3169,1.41,1,muy baja,2026-10-05T18:06:10,mirova-archivo,1
2007-07-27T03:35:00,357110,Llaima,MODIS,1.302,1.41,1,baja,2026-10-05T18:06:10,mirova-archivo,1
2007-11-07T03:40:00,357110,Llaima,MODIS,1.547,1.00,1,baja,2026-10-05T18:06:10,mirova-archivo,1
2007-11-19T05:45:00,357110,Llaima,MODIS,1.462,1.41,1,baja,2026-10-05T18:06:10,mirova-archivo,1
2007-11-23T03:40:00,357110,Llaima,MODIS,4.634,1.00,1,baja,2026-10-05T18:06:10,mirova-archivo,1
2007-11-26T05:50:00,357110,Llaima,MODIS,1.638,1.00,1,baja,2026-10-05T18:06:10,mirova-archivo,1
2007-12-02T03:35:00,357110,Llaima,MODIS,2.242,1.41,1,baja,2026-10-05T18:06:10,mirova-archivo,1
2007-12-03T05:55:00,357110,Llaima,MODIS,0.3904,1.00,1,muy baja,2026-10-05T18:06:10,mirova-archivo,1
2007-12-05T04:05:00,357110,Llaima,MODIS,0.243,0.00,1,muy baja,2026-10-05T18:06:10,mirova-archivo,1
2007-12-05T05:45:00,357110,Llaima,MODIS,3.35,1.41,1,baja,2026-10-05T18:06:10,mirova-archivo,1
2007-12-09T03:40:00,357110,Llaima,MODIS,3.373,1.41,1,baja,2026-10-05T18:06:10,mirova-archivo,1
2007-12-10T06:00:00,357110,Llaima,MODIS,2.985,1.41,1,baja,2026-10-05T18:06:10,mirova-archivo,1
2007-12-11T03:30:00,357110,Llaima,MODIS,3.299,1.41,1,baja,2026-10-05T18:06:10,mirova-archivo,1
2007-12-12T05:50:00,357110,Llaima,MODIS,4.234,1.00,1,baja,2026-10-05T18:06:10,mirova-archivo,1
2007-12-14T04:00:00,357110,Llaima,MODIS,4.434,1.41,1,baja,2026-10-05T18:06:10,mirova-archivo,1
2007-12-14T05:35:00,357110,Llaima,MODIS,2.714,1.41,1,baja,2026-10-05T18:06:10,mirova-archivo,1
2007-12-15T06:20:00,357110,Llaima,MODIS,7.517,2.24,1,baja,2026-10-05T18:06:10,mirova-archivo,1
2007-12-16T03:45:00,357110,Llaima,MODIS,2.624,1.00,1,baja,2026-10-05T18:06:10,mirova-archivo,1
2007-12-18T03:35:00,357110,Llaima,MODIS,5.893,1.41,1,baja,2026-10-05T18:06:10,mirova-archivo,1
2007-12-19T04:15:00,357110,Llaima,MODIS,0.7444,2.24,1,muy baja,2026-10-05T18:06:10,mirova-archivo,1
2007-12-19T05:55:00,357110,Llaima,MODIS,3.759,1.41,1,baja,2026-10-05T18:06:10,mirova-archivo,1
2007-12-20T03:20:00,357110,Llaima,MODIS,3.467,2.24,1,baja,2026-10-05T18:06:10,mirova-archivo,1
2007-12-21T04:05:00,357110,Llaima,MODIS,7.4,2.00,1,baja,2026-10-05T18:06:10,mirova-archivo,1
2007-12-21T05:45:00,357110,Llaima,MODIS,11.68,1.41,1,moderada,2026-10-05T18:06:10,mirova-archivo,1
2007-12-22T06:25:00,357110,Llaima,MODIS,1.275,1.00,1,baja,2026-10-05T18:06:10,mirova-archivo,1
2007-12-23T03:50:00,357110,Llaima,MODIS,1.344,0.00,1,baja,2026-10-05T18:06:10,mirova-archivo,1
2007-12-25T03:40:00,357110,Llaima,MODIS,3.728,1.00,1,baja,2026-10-05T18:06:10,mirova-archivo,1
2007-12-26T06:00:00,357110,Llaima,MODIS,7.136,1.41,1,baja,2026-10-05T18:06:10,mirova-archivo,1
2007-12-27T03:30:00,357110,Llaima,MODIS,3.451,2.24,1,baja,2026-10-05T18:06:10,mirova-archivo,1
2007-12-28T04:10:00,357110,Llaima,MODIS,14.64,2.24,1,moderada,2026-10-05T18:06:10,mirova-archivo,1
2007-12-28T05:50:00,357110,Llaima,MODIS,3.272,1.00,1,baja,2026-10-05T18:06:10,mirova-archivo,1
2007-12-29T06:30:00,357110,Llaima,MODIS,1.121,2.00,1,baja,2026-10-05T18:06:10,mirova-archivo,1
2007-12-31T06:20:00,357110,Llaima,MODIS,20.71,2.24,1,moderada,2026-10-05T18:06:10,mirova-archivo,1
2008-01-01T03:45:00,357110,Llaima,MODIS,0.3573,1.00,1,muy baja,2026-10-05T18:06:10,mirova-archivo,1
2008-01-01T05:25:00,357110,Llaima,MODIS,0.7256,1.41,1,muy baja,2026-10-05T18:06:10,mirova-archivo,1
2008-01-02T02:50:00,357110,Llaima,MODIS,103.9,3.16,1,alta,2026-10-05T18:06:10,mirova-archivo,1
2008-01-02T04:30:00,357110,Llaima,MODIS,3.505e+04,8.94,0,fuera de radio,2026-10-05T18:06:10,mirova-archivo,1
2008-01-02T06:05:00,357110,Llaima,MODIS,7478,5.00,1,muy alta,2026-10-05T18:06:10,mirova-archivo,1
2008-01-03T03:35:00,357110,Llaima,MODIS,268.8,2.24,1,alta,2026-10-05T18:06:10,mirova-archivo,1
2008-01-03T05:10:00,357110,Llaima,MODIS,302.2,3.16,1,alta,2026-10-05T18:06:10,mirova-archivo,1
2008-01-04T04:15:00,357110,Llaima,MODIS,25.65,2.24,1,moderada,2026-10-05T18:06:10,mirova-archivo,1
2008-01-04T05:55:00,357110,Llaima,MODIS,85.83,2.00,1,moderada,2026-10-05T18:06:10,mirova-archivo,1
2008-01-05T03:20:00,357110,Llaima,MODIS,51.98,2.83,1,moderada,2026-10-05T18:06:10,mirova-archivo,1
2008-01-05T05:00:00,357110,Llaima,MODIS,11.57,2.24,1,moderada,2026-10-05T18:06:10,mirova-archivo,1
2008-01-05T06:40:00,357110,Llaima,MODIS,9.509,2.24,1,baja,2026-10-05T18:06:10,mirova-archivo,1
2008-01-06T04:05:00,357110,Llaima,MODIS,20.81,1.41,1,moderada,2026-10-05T18:06:10,mirova-archivo,1
2008-01-06T05:45:00,357110,Llaima,MODIS,31.67,1.41,1,moderada,2026-10-05T18:06:10,mirova-archivo,1
2008-01-07T03:10:00,357110,Llaima,MODIS,50.62,3.61,1,moderada,2026-10-05T18:06:10,mirova-archivo,1
2008-01-07T06:25:00,357110,Llaima,MODIS,2.502,2.00,1,baja,2026-10-05T18:06:10,mirova-archivo,1
2008-01-11T04:25:00,357110,Llaima,MODIS,41.56,2.24,1,moderada,2026-10-05T18:06:10,mirova-archivo,1
2008-01-11T06:00:00,357110,Llaima,MODIS,33.51,2.24,1,moderada,2026-10-05T18:06:10,mirova-archivo,1
2008-01-12T03:30:00,357110,Llaima,MODIS,88.14,1.41,1,moderada,2026-10-05T18:06:10,mirova-archivo,1
2008-01-12T05:05:00,357110,Llaima,MODIS,4.35,2.24,1,baja,2026-10-05T18:06:10,mirova-archivo,1
2008-01-12T06:45:00,357110,Llaima,MODIS,2.598,2.83,1,baja,2026-10-05T18:06:10,mirova-archivo,1
2008-01-14T03:15:00,357110,Llaima,MODIS,1.682,1.00,1,baja,2026-10-05T18:06:10,mirova-archivo,1
2008-01-14T06:30:00,357110,Llaima,MODIS,27.3,4.12,1,moderada,2026-10-05T18:06:10,mirova-archivo,1
2008-01-15T04:00:00,357110,Llaima,MODIS,27.47,1.41,1,moderada,2026-10-05T18:06:10,mirova-archivo,1
2008-01-15T05:35:00,357110,Llaima,MODIS,27.58,1.41,1,moderada,2026-10-05T18:06:10,mirova-archivo,1
2008-01-16T03:05:00,357110,Llaima,MODIS,26.33,3.16,1,moderada,2026-10-05T18:06:10,mirova-archivo,1
2008-01-16T06:20:00,357110,Llaima,MODIS,69.75,4.12,1,moderada,2026-10-05T18:06:10,mirova-archivo,1
2008-01-17T03:45:00,357110,Llaima,MODIS,54.63,1.41,1,moderada,2026-10-05T18:06:10,mirova-archivo,1
2008-01-17T05:25:00,357110,Llaima,MODIS,63.57,2.24,1,moderada,2026-10-05T18:06:10,mirova-archivo,1
2008-01-18T02:50:00,357110,Llaima,MODIS,2.426,2.24,1,baja,2026-10-05T18:06:10,mirova-archivo,1
2008-01-18T04:30:00,357110,Llaima,MODIS,11.28,2.83,1,moderada,2026-10-05T18:06:10,mirova-archivo,1
2008-01-18T06:05:00,357110,Llaima,MODIS,69.1,2.00,1,moderada,2026-10-05T18:06:10,mirova-archivo,1
2008-01-19T03:35:00,357110,Llaima,MODIS,17.33,1.41,1,moderada,2026-10-05T18:06:10,mirova-archivo,1
2008-01-19T05:10:00,357110,Llaima,MODIS,1.107,1.41,1,baja,2026-10-05T18:06:10,mirova-archivo,1
2008-01-20T04:15:00,357110,Llaima,MODIS,10.66,2.83,1,moderada,2026-10-05T18:06:10,mirova-archivo,1
2008-01-20T05:55:00,357110,Llaima,MODIS,46.43,2.24,1,moderada,2026-10-05T18:06:10,mirova-archivo,1
2008-01-21T03:20:00,357110,Llaima,MODIS,17.31,2.83,1,moderada,2026-10-05T18:06:10,mirova-archivo,1
2008-01-21T05:00:00,357110,Llaima,MODIS,0.8157,2.24,1,muy baja,2026-10-05T18:06:10,mirova-archivo,1
2008-01-21T06:40:00,357110,Llaima,MODIS,31.39,4.00,1,moderada,2026-10-05T18:06:10,mirova-archivo,1
2008-01-22T04:05:00,357110,Llaima,MODIS,38.17,1.41,1,moderada,2026-10-05T18:06:10,mirova-archivo,1
2008-01-22T05:45:00,357110,Llaima,MODIS,19.67,1.41,1,moderada,2026-10-05T18:06:10,mirova-archivo,1
2008-01-23T03:10:00,357110,Llaima,MODIS,23.42,3.61,1,moderada,2026-10-05T18:06:10,mirova-archivo,1
2008-01-23T06:25:00,357110,Llaima,MODIS,30,3.00,1,moderada,2026-10-05T18:06:10,mirova-archivo,1
2008-01-24T03:50:00,357110,Llaima,MODIS,9.129,1.00,1,baja,2026-10-05T18:06:10,mirova-archivo,1
2008-01-24T05:30:00,357110,Llaima,MODIS,79.8,2.24,1,moderada,2026-10-05T18:06:10,mirova-archivo,1
2008-01-25T02:55:00,357110,Llaima,MODIS,88.73,2.83,1,moderada,2026-10-05T18:06:10,mirova-archivo,1
2008-01-25T04:35:00,357110,Llaima,MODIS,33.05,4.12,1,moderada,2026-10-05T18:06:10,mirova-archivo,1
2008-01-25T06:15:00,357110,Llaima,MODIS,103,2.24,1,alta,2026-10-05T18:06:10,mirova-archivo,1
2008-01-26T05:20:00,357110,Llaima,MODIS,72.03,2.24,1,moderada,2026-10-05T18:06:10,mirova-archivo,1
2008-01-27T04:25:00,357110,Llaima,MODIS,170.7,3.16,1,alta,2026-10-05T18:06:10,mirova-archivo,1
2008-01-27T06:00:00,357110,Llaima,MODIS,424.7,2.24,1,alta,2026-10-05T18:06:10,mirova-archivo,1
2008-01-28T03:30:00,357110,Llaima,MODIS,303.6,2.83,1,alta,2026-10-05T18:06:10,mirova-archivo,1
2008-01-28T05:05:00,357110,Llaima,MODIS,166.9,3.16,1,alta,2026-10-05T18:06:10,mirova-archivo,1
2008-01-29T04:10:00,357110,Llaima,MODIS,146.8,3.16,1,alta,2026-10-05T18:06:10,mirova-archivo,1
2008-01-29T05:50:00,357110,Llaima,MODIS,91.57,1.41,1,moderada,2026-10-05T18:06:10,mirova-archivo,1
2008-01-30T03:15:00,357110,Llaima,MODIS,320.1,28.32,0,no volcanica,2026-10-05T18:06:10,mirova-archivo,0
2008-01-30T06:30:00,357110,Llaima,MODIS,154.1,7.00,0,fuera de radio,2026-10-05T18:06:10,mirova-archivo,1
2008-01-31T04:00:00,357110,Llaima,MODIS,253.9,2.24,1,alta,2026-10-05T18:06:10,mirova-archivo,1
2008-01-31T05:35:00,357110,Llaima,MODIS,189.7,2.24,1,alta,2026-10-05T18:06:10,mirova-archivo,1
2008-02-01T03:05:00,357110,Llaima,MODIS,101.5,4.12,1,alta,2026-10-05T18:06:10,mirova-archivo,1
2008-02-01T06:20:00,357110,Llaima,MODIS,309.4,4.12,1,alta,2026-10-05T18:06:10,mirova-archivo,1
2008-02-02T03:45:00,357110,Llaima,MODIS,229,1.41,1,alta,2026-10-05T18:06:10,mirova-archivo,1
2008-02-02T05:25:00,357110,Llaima,MODIS,197.1,2.24,1,alta,2026-10-05T18:06:10,mirova-archivo,1
2008-02-03T02:50:00,357110,Llaima,MODIS,127.8,8.06,0,no volcanica,2026-10-05T18:06:10,mirova-archivo,0
2008-02-03T04:30:00,357110,Llaima,MODIS,133.2,5.10,0,fuera de radio,2026-10-05T18:06:10,mirova-archivo,1
2008-02-03T06:05:00,357110,Llaima,MODIS,375.5,2.24,1,alta,2026-10-05T18:06:10,mirova-archivo,1
2008-02-04T03:35:00,357110,Llaima,MODIS,306.6,2.24,1,alta,2026-10-05T18:06:10,mirova-archivo,1
2008-02-04T05:10:00,357110,Llaima,MODIS,251.4,3.16,1,alta,2026-10-05T18:06:10,mirova-archivo,1
2008-02-05T04:15:00,357110,Llaima,MODIS,918.9,4.47,1,alta,2026-10-05T18:06:10,mirova-archivo,1
2008-02-05T05:55:00,357110,Llaima,MODIS,397.4,2.83,1,alta,2026-10-05T18:06:10,mirova-archivo,1
2008-02-06T03:20:00,357110,Llaima,MODIS,217.6,3.16,1,alta,2026-10-05T18:06:10,mirova-archivo,1
2008-02-06T05:00:00,357110,Llaima,MODIS,124.1,5.10,0,fuera de radio,2026-10-05T18:06:10,mirova-archivo,1
2008-02-06T06:40:00,357110,Llaima,MODIS,1316,7.07,0,fuera de radio,2026-10-05T18:06:10,mirova-archivo,1
2008-02-07T04:05:00,357110,Llaima,MODIS,529.2,3.61,1,alta,2026-10-05T18:06:10,mirova-archivo,1
2008-02-07T05:45:00,357110,Llaima,MODIS,340.3,2.24,1,alta,2026-10-05T18:06:10,mirova-archivo,1
2008-02-08T03:10:00,357110,Llaima,MODIS,9.723,2.24,1,baja,2026-10-05T18:06:10,mirova-archivo,1
2008-02-08T06:25:00,357110,Llaima,MODIS,943.5,6.00,0,fuera de radio,2026-10-05T18:06:10,mirova-archivo,1
2008-02-09T03:50:00,357110,Llaima,MODIS,1193,4.47,1,muy alta,2026-10-05T18:06:10,mirova-archivo,1
2008-02-09T05:30:00,357110,Llaima,MODIS,161.2,2.24,1,alta,2026-10-05T18:06:10,mirova-archivo,1
2008-02-10T02:55:00,357110,Llaima,MODIS,147.9,6.08,0,fuera de radio,2026-10-05T18:06:10,mirova-archivo,1
2008-02-10T04:35:00,357110,Llaima,MODIS,2736,8.06,0,fuera de radio,2026-10-05T18:06:10,mirova-archivo,1
2008-02-10T06:15:00,357110,Llaima,MODIS,1583,3.16,1,muy alta,2026-10-05T18:06:10,mirova-archivo,1
2008-02-11T03:40:00,357110,Llaima,MODIS,1169,3.61,1,muy alta,2026-10-05T18:06:10,mirova-archivo,1
2008-02-11T05:20:00,357110,Llaima,MODIS,385.2,3.16,1,alta,2026-10-05T18:06:10,mirova-archivo,1
2008-02-12T04:25:00,357110,Llaima,MODIS,1985,3.61,1,muy alta,2026-10-05T18:06:10,mirova-archivo,1
2008-02-12T06:00:00,357110,Llaima,MODIS,1706,2.83,1,muy alta,2026-10-05T18:06:10,mirova-archivo,1
2008-02-13T03:30:00,357110,Llaima,MODIS,99.29,3.16,1,moderada,2026-10-05T18:06:10,mirova-archivo,1
2008-02-13T05:05:00,357110,Llaima,MODIS,13.4,2.24,1,moderada,2026-10-05T18:06:10,mirova-archivo,1
2008-02-13T06:45:00,357110,Llaima,MODIS,88.31,7.00,0,fuera de radio,2026-10-05T18:06:10,mirova-archivo,1
2008-02-15T03:15:00,357110,Llaima,MODIS,6.535,2.24,1,baja,2026-10-05T18:06:10,mirova-archivo,1
2008-02-15T06:30:00,357110,Llaima,MODIS,5.195,2.24,1,baja,2026-10-05T18:06:10,mirova-archivo,1
2008-02-16T04:00:00,357110,Llaima,MODIS,8.414,2.24,1,baja,2026-10-05T18:06:10,mirova-archivo,1
2008-02-16T05:35:00,357110,Llaima,MODIS,5.118,1.41,1,baja,2026-10-05T18:06:10,mirova-archivo,1
2008-02-17T03:05:00,357110,Llaima,MODIS,1.433,1.00,1,baja,2026-10-05T18:06:10,mirova-archivo,1
2008-02-17T06:20:00,357110,Llaima,MODIS,4.474,2.00,1,baja,2026-10-05T18:06:10,mirova-archivo,1
2008-02-18T03:45:00,357110,Llaima,MODIS,8.114,2.24,1,baja,2026-10-05T18:06:10,mirova-archivo,1
2008-02-18T05:25:00,357110,Llaima,MODIS,4.565,1.41,1,baja,2026-10-05T18:06:10,mirova-archivo,1
2008-02-19T04:30:00,357110,Llaima,MODIS,1.725,2.24,1,baja,2026-10-05T18:06:10,mirova-archivo,1
2008-02-19T06:10:00,357110,Llaima,MODIS,8.045,1.41,1,baja,2026-10-05T18:06:10,mirova-archivo,1
2008-02-20T03:35:00,357110,Llaima,MODIS,8.031,2.24,1,baja,2026-10-05T18:06:10,mirova-archivo,1
2008-02-21T04:15:00,357110,Llaima,MODIS,5.081,2.83,1,baja,2026-10-05T18:06:10,mirova-archivo,1
2008-02-21T05:55:00,357110,Llaima,MODIS,5.662,1.41,1,baja,2026-10-05T18:06:10,mirova-archivo,1
2008-02-22T03:20:00,357110,Llaima,MODIS,6.55,2.83,1,baja,2026-10-05T18:06:10,mirova-archivo,1
2008-02-22T06:40:00,357110,Llaima,MODIS,0.9836,2.24,1,muy baja,2026-10-05T18:06:10,mirova-archivo,1
2008-02-23T05:45:00,357110,Llaima,MODIS,0.3812,1.00,1,muy baja,2026-10-05T18:06:10,mirova-archivo,1
2008-02-24T03:10:00,357110,Llaima,MODIS,0.8621,2.24,1,muy baja,2026-10-05T18:06:10,mirova-archivo,1
2008-02-25T03:50:00,357110,Llaima,MODIS,1.302,2.24,1,baja,2026-10-05T18:06:10,mirova-archivo,1
2008-02-26T02:55:00,357110,Llaima,MODIS,0.2675,1.00,1,muy baja,2026-10-05T18:06:10,mirova-archivo,1
2008-02-26T06:15:00,357110,Llaima,MODIS,3.444,1.41,1,baja,2026-10-05T18:06:10,mirova-archivo,1
2008-02-27T03:40:00,357110,Llaima,MODIS,6.624,2.24,1,baja,2026-10-05T18:06:10,mirova-archivo,1
2008-02-27T05:20:00,357110,Llaima,MODIS,0.6898,2.24,1,muy baja,2026-10-05T18:06:10,mirova-archivo,1
2008-02-28T04:25:00,357110,Llaima,MODIS,0.9116,2.24,1,muy baja,2026-10-05T18:06:10,mirova-archivo,1
2008-02-28T06:00:00,357110,Llaima,MODIS,3.785,1.41,1,baja,2026-10-05T18:06:10,mirova-archivo,1
2008-02-29T03:30:00,357110,Llaima,MODIS,1.544,1.41,1,baja,2026-10-05T18:06:10,mirova-archivo,1
2008-03-02T03:15:00,357110,Llaima,MODIS,1.342,2.24,1,baja,2026-10-05T18:06:10,mirova-archivo,1
2008-03-02T06:30:00,357110,Llaima,MODIS,0.6451,1.41,1,muy baja,2026-10-05T18:06:10,mirova-archivo,1
2008-03-03T05:35:00,357110,Llaima,MODIS,0.5125,1.00,1,muy baja,2026-10-05T18:06:10,mirova-archivo,1
2008-03-05T03:45:00,357110,Llaima,MODIS,1.991,2.24,1,baja,2026-10-05T18:06:10,mirova-archivo,1
2008-03-05T05:25:00,357110,Llaima,MODIS,1.108,1.41,1,baja,2026-10-05T18:06:10,mirova-archivo,1
2008-03-12T03:50:00,357110,Llaima,MODIS,1.187,2.24,1,baja,2026-10-05T18:06:10,mirova-archivo,1
2008-03-12T05:30:00,357110,Llaima,MODIS,1.362,1.41,1,baja,2026-10-05T18:06:10,mirova-archivo,1
2008-03-14T03:40:00,357110,Llaima,MODIS,1.769,1.00,1,baja,2026-10-05T18:06:10,mirova-archivo,1
2008-03-17T05:50:00,357110,Llaima,MODIS,1.132,1.41,1,baja,2026-10-05T18:06:10,mirova-archivo,1
2008-03-21T03:45:00,357110,Llaima,MODIS,4.338,2.24,1,baja,2026-10-05T18:06:10,mirova-archivo,1
2008-03-23T03:35:00,357110,Llaima,MODIS,3.978,1.41,1,baja,2026-10-05T18:06:10,mirova-archivo,1
2008-03-24T04:15:00,357110,Llaima,MODIS,0.3107,1.41,1,muy baja,2026-10-05T18:06:10,mirova-archivo,1
2008-03-24T05:55:00,357110,Llaima,MODIS,8.083,1.41,1,baja,2026-10-05T18:06:10,mirova-archivo,1
2008-03-25T03:20:00,357110,Llaima,MODIS,1.436,1.00,1,baja,2026-10-05T18:06:10,mirova-archivo,1
2008-03-27T03:10:00,357110,Llaima,MODIS,18.5,2.24,1,moderada,2026-10-05T18:06:10,mirova-archivo,1
2008-03-27T06:25:00,357110,Llaima,MODIS,9.387,3.00,1,baja,2026-10-05T18:06:10,mirova-archivo,1
2008-03-28T05:30:00,357110,Llaima,MODIS,5.513,1.41,1,baja,2026-10-05T18:06:10,mirova-archivo,1
2008-03-29T02:55:00,357110,Llaima,MODIS,4.735,2.83,1,baja,2026-10-05T18:06:10,mirova-archivo,1
2008-03-29T06:15:00,357110,Llaima,MODIS,16.87,2.24,1,moderada,2026-10-05T18:06:10,mirova-archivo,1
2008-03-30T03:40:00,357110,Llaima,MODIS,19.99,2.00,1,moderada,2026-10-05T18:06:10,mirova-archivo,1
2008-03-30T05:20:00,357110,Llaima,MODIS,8.838,2.83,1,baja,2026-10-05T18:06:10,mirova-archivo,1
2008-03-31T04:20:00,357110,Llaima,MODIS,4.878,1.41,1,baja,2026-10-05T18:06:10,mirova-archivo,1
2008-03-31T06:00:00,357110,Llaima,MODIS,12.41,2.24,1,moderada,2026-10-05T18:06:10,mirova-archivo,1
2008-04-01T03:25:00,357110,Llaima,MODIS,12.77,2.24,1,moderada,2026-10-05T18:06:10,mirova-archivo,1
2008-04-01T05:05:00,357110,Llaima,MODIS,46.23,2.83,1,moderada,2026-10-05T18:06:10,mirova-archivo,1
2008-04-01T06:45:00,357110,Llaima,MODIS,0.2339,2.83,1,muy baja,2026-10-05T18:06:10,mirova-archivo,1
2008-04-02T04:10:00,357110,Llaima,MODIS,26.92,2.24,1,moderada,2026-10-05T18:06:10,mirova-archivo,1
2008-04-02T05:50:00,357110,Llaima,MODIS,21.35,1.41,1,moderada,2026-10-05T18:06:10,mirova-archivo,1
2008-04-03T03:15:00,357110,Llaima,MODIS,9.041,2.24,1,baja,2026-10-05T18:06:10,mirova-archivo,1
2008-04-03T06:30:00,357110,Llaima,MODIS,3.792,2.24,1,baja,2026-10-05T18:06:10,mirova-archivo,1
2008-04-04T04:00:00,357110,Llaima,MODIS,26.61,1.41,1,moderada,2026-10-05T18:06:10,mirova-archivo,1
2008-04-04T05:35:00,357110,Llaima,MODIS,28.02,1.41,1,moderada,2026-10-05T18:06:10,mirova-archivo,1
2008-04-05T03:05:00,357110,Llaima,MODIS,18.8,2.24,1,moderada,2026-10-05T18:06:10,mirova-archivo,1
2008-04-05T06:20:00,357110,Llaima,MODIS,22.88,3.00,1,moderada,2026-10-05T18:06:10,mirova-archivo,1
2008-04-06T03:45:00,357110,Llaima,MODIS,5.427,1.41,1,baja,2026-10-05T18:06:10,mirova-archivo,1
2008-04-06T05:25:00,357110,Llaima,MODIS,0.5777,1.00,1,muy baja,2026-10-05T18:06:10,mirova-archivo,1
2008-04-09T05:55:00,357110,Llaima,MODIS,0.5194,1.00,1,muy baja,2026-10-05T18:06:10,mirova-archivo,1
2008-04-15T03:40:00,357110,Llaima,MODIS,1.372,1.41,1,baja,2026-10-05T18:06:10,mirova-archivo,1
2008-05-06T04:00:00,357110,Llaima,MODIS,4.719,20.62,0,no volcanica,2026-10-05T18:06:10,mirova-archivo,0
2008-05-24T03:45:00,357110,Llaima,MODIS,0.5773,0.00,1,muy baja,2026-10-05T18:06:10,mirova-archivo,1
2008-05-29T05:45:00,357110,Llaima,MODIS,0.3817,1.00,1,muy baja,2026-10-05T18:06:10,mirova-archivo,1
2008-07-01T03:10:00,357110,Llaima,MODIS,2.86,2.24,1,baja,2026-10-05T18:06:10,mirova-archivo,1
2008-07-01T06:25:00,357110,Llaima,MODIS,213,5.00,0,no volcanica,2026-10-05T18:06:10,mirova-archivo,0
2008-07-02T03:55:00,357110,Llaima,MODIS,332.6,2.83,1,alta,2026-10-05T18:06:10,mirova-archivo,1
2008-07-02T05:30:00,357110,Llaima,MODIS,260.4,2.24,1,alta,2026-10-05T18:06:10,mirova-archivo,1
2008-07-03T02:55:00,357110,Llaima,MODIS,5.078,2.24,1,baja,2026-10-05T18:06:10,mirova-archivo,1
2008-07-03T04:35:00,357110,Llaima,MODIS,170.8,4.12,1,alta,2026-10-05T18:06:10,mirova-archivo,1
2008-07-03T06:15:00,357110,Llaima,MODIS,380.7,3.16,1,alta,2026-10-05T18:06:10,mirova-archivo,1
2008-07-04T03:40:00,357110,Llaima,MODIS,95.67,2.83,1,moderada,2026-10-05T18:06:10,mirova-archivo,1
2008-07-04T05:20:00,357110,Llaima,MODIS,13.35,2.00,1,moderada,2026-10-05T18:06:10,mirova-archivo,1
2008-07-09T05:40:00,357110,Llaima,MODIS,3.798,1.41,1,baja,2026-10-05T18:06:10,mirova-archivo,1
2008-07-12T06:10:00,357110,Llaima,MODIS,10.35,1.41,1,moderada,2026-10-05T18:06:10,mirova-archivo,1
2008-07-15T05:00:00,357110,Llaima,MODIS,4.731,2.83,1,baja,2026-10-05T18:06:10,mirova-archivo,1
2008-07-15T06:40:00,357110,Llaima,MODIS,1.203,2.24,1,baja,2026-10-05T18:06:10,mirova-archivo,1
2008-07-19T06:15:00,357110,Llaima,MODIS,1.212,1.41,1,baja,2026-10-05T18:06:10,mirova-archivo,1
2008-07-20T03:40:00,357110,Llaima,MODIS,5.252,2.24,1,baja,2026-10-05T18:06:10,mirova-archivo,1
2008-07-21T06:05:00,357110,Llaima,MODIS,0.2532,0.00,1,muy baja,2026-10-05T18:06:10,mirova-archivo,1
2008-07-27T03:45:00,357110,Llaima,MODIS,116.1,2.24,1,alta,2026-10-05T18:06:10,mirova-archivo,1
2008-07-27T05:25:00,357110,Llaima,MODIS,1.246,1.41,1,baja,2026-10-05T18:06:10,mirova-archivo,1
2008-07-29T03:35:00,357110,Llaima,MODIS,0.4924,1.41,1,muy baja,2026-10-05T18:06:10,mirova-archivo,1
2008-07-31T03:20:00,357110,Llaima,MODIS,0.2591,2.24,1,muy baja,2026-10-05T18:06:10,mirova-archivo,1
2008-08-09T03:15:00,357110,Llaima,MODIS,1.15,2.24,1,baja,2026-10-05T18:06:10,mirova-archivo,1
2008-08-17T05:45:00,357110,Llaima,MODIS,0.5004,1.00,1,muy baja,2026-10-05T18:06:10,mirova-archivo,1
2008-08-22T04:25:00,357110,Llaima,MODIS,0.206,1.41,1,muy baja,2026-10-05T18:06:10,mirova-archivo,1
2008-08-22T06:05:00,357110,Llaima,MODIS,2.92,1.41,1,baja,2026-10-05T18:06:10,mirova-archivo,1
2008-08-23T03:30:00,357110,Llaima,MODIS,0.5086,0.00,1,muy baja,2026-10-05T18:06:10,mirova-archivo,1
2008-12-30T05:55:00,357110,Llaima,MODIS,0.7627,0.00,1,muy baja,2026-10-05T18:06:10,mirova-archivo,1
2009-01-03T03:45:00,357110,Llaima,MODIS,0.3904,1.00,1,muy baja,2026-10-05T18:06:10,mirova-archivo,1
2009-01-04T06:10:00,357110,Llaima,MODIS,1.395,1.00,1,baja,2026-10-05T18:06:10,mirova-archivo,1
2009-01-05T03:35:00,357110,Llaima,MODIS,0.7537,1.00,1,muy baja,2026-10-05T18:06:10,mirova-archivo,1
2009-01-20T02:50:00,357110,Llaima,MODIS,6.176e+04,25.30,0,no volcanica,2026-10-05T18:06:10,mirova-archivo,0
2009-04-04T03:30:00,357110,Llaima,MODIS,142.8,2.24,1,alta,2026-10-05T18:06:10,mirova-archivo,1
2009-04-04T05:10:00,357110,Llaima,MODIS,452.5,4.12,1,alta,2026-10-05T18:06:10,mirova-archivo,1
2009-04-04T06:50:00,357110,Llaima,MODIS,7538,11.18,0,fuera de radio,2026-10-05T18:06:10,mirova-archivo,1
2009-04-05T04:10:00,357110,Llaima,MODIS,48.04,4.12,1,moderada,2026-10-05T18:06:10,mirova-archivo,1
2009-04-05T05:55:00,357110,Llaima,MODIS,1.144,1.41,1,baja,2026-10-05T18:06:10,mirova-archivo,1
2009-04-06T03:15:00,357110,Llaima,MODIS,262,4.47,1,alta,2026-10-05T18:06:10,mirova-archivo,1
2009-04-06T06:40:00,357110,Llaima,MODIS,1528,7.07,0,no volcanica,2026-10-05T18:06:10,mirova-archivo,0
2009-04-07T04:00:00,357110,Llaima,MODIS,1430,4.47,1,muy alta,2026-10-05T18:06:10,mirova-archivo,1
2009-04-07T05:45:00,357110,Llaima,MODIS,1580,4.24,1,muy alta,2026-10-05T18:06:10,mirova-archivo,1
2009-04-08T03:05:00,357110,Llaima,MODIS,57.62,5.00,1,moderada,2026-10-05T18:06:10,mirova-archivo,1
2009-04-08T06:25:00,357110,Llaima,MODIS,216.1,3.61,1,alta,2026-10-05T18:06:10,mirova-archivo,1
2009-04-09T03:45:00,357110,Llaima,MODIS,152.5,4.24,1,alta,2026-10-05T18:06:10,mirova-archivo,1
2009-04-09T05:30:00,357110,Llaima,MODIS,48.08,3.16,1,moderada,2026-10-05T18:06:10,mirova-archivo,1
2009-04-10T02:50:00,357110,Llaima,MODIS,3.198,1.41,1,baja,2026-10-05T18:06:10,mirova-archivo,1
2009-04-10T04:30:00,357110,Llaima,MODIS,25.96,4.24,1,moderada,2026-10-05T18:06:10,mirova-archivo,1
2009-04-10T06:15:00,357110,Llaima,MODIS,70.05,3.61,1,moderada,2026-10-05T18:06:10,mirova-archivo,1
2009-04-11T03:35:00,357110,Llaima,MODIS,92.4,3.61,1,moderada,2026-10-05T18:06:10,mirova-archivo,1
2009-04-11T05:20:00,357110,Llaima,MODIS,14.55,2.83,1,moderada,2026-10-05T18:06:10,mirova-archivo,1
2009-04-12T04:20:00,357110,Llaima,MODIS,16.13,3.16,1,moderada,2026-10-05T18:06:10,mirova-archivo,1
2009-04-12T06:00:00,357110,Llaima,MODIS,41.06,3.16,1,moderada,2026-10-05T18:06:10,mirova-archivo,1
2009-04-13T06:45:00,357110,Llaima,MODIS,12.95,2.83,1,moderada,2026-10-05T18:06:10,mirova-archivo,1
2009-04-14T04:05:00,357110,Llaima,MODIS,34.62,3.61,1,moderada,2026-10-05T18:06:10,mirova-archivo,1
2009-04-14T05:50:00,357110,Llaima,MODIS,46.79,2.83,1,moderada,2026-10-05T18:06:10,mirova-archivo,1
2009-04-15T03:10:00,357110,Llaima,MODIS,22.27,3.61,1,moderada,2026-10-05T18:06:10,mirova-archivo,1
2009-04-15T06:30:00,357110,Llaima,MODIS,15.4,2.83,1,moderada,2026-10-05T18:06:10,mirova-archivo,1
2009-04-16T03:55:00,357110,Llaima,MODIS,41.77,3.61,1,moderada,2026-10-05T18:06:10,mirova-archivo,1
2009-04-16T05:35:00,357110,Llaima,MODIS,26.25,2.83,1,moderada,2026-10-05T18:06:10,mirova-archivo,1
2009-04-17T04:35:00,357110,Llaima,MODIS,0.7923,2.83,1,muy baja,2026-10-05T18:06:10,mirova-archivo,1
2009-04-17T06:20:00,357110,Llaima,MODIS,22.92,2.83,1,moderada,2026-10-05T18:06:10,mirova-archivo,1
2009-04-18T03:40:00,357110,Llaima,MODIS,36.76,3.61,1,moderada,2026-10-05T18:06:10,mirova-archivo,1
2009-04-18T05:25:00,357110,Llaima,MODIS,13.53,2.24,1,moderada,2026-10-05T18:06:10,mirova-archivo,1
2009-04-19T04:25:00,357110,Llaima,MODIS,13.22,2.83,1,moderada,2026-10-05T18:06:10,mirova-archivo,1
2009-04-19T06:05:00,357110,Llaima,MODIS,28.75,2.83,1,moderada,2026-10-05T18:06:10,mirova-archivo,1
2009-04-20T03:30:00,357110,Llaima,MODIS,35.76,3.61,1,moderada,2026-10-05T18:06:10,mirova-archivo,1
2009-04-20T06:50:00,357110,Llaima,MODIS,5.724,2.24,1,baja,2026-10-05T18:06:10,mirova-archivo,1
2009-04-22T03:15:00,357110,Llaima,MODIS,7.198,2.83,1,baja,2026-10-05T18:06:10,mirova-archivo,1
2009-04-22T06:40:00,357110,Llaima,MODIS,4.874,2.24,1,baja,2026-10-05T18:06:10,mirova-archivo,1
2009-04-24T03:05:00,357110,Llaima,MODIS,3.398,1.41,1,baja,2026-10-05T18:06:10,mirova-archivo,1
2009-04-24T06:25:00,357110,Llaima,MODIS,6.741,2.83,1,baja,2026-10-05T18:06:10,mirova-archivo,1
2009-04-25T03:45:00,357110,Llaima,MODIS,20.04,3.61,1,moderada,2026-10-05T18:06:10,mirova-archivo,1
2009-04-25T05:30:00,357110,Llaima,MODIS,12.6,2.83,1,moderada,2026-10-05T18:06:10,mirova-archivo,1
2009-04-26T02:50:00,357110,Llaima,MODIS,3.825,1.41,1,baja,2026-10-05T18:06:10,mirova-archivo,1
2009-04-26T04:30:00,357110,Llaima,MODIS,3.17,2.83,1,baja,2026-10-05T18:06:10,mirova-archivo,1
2009-04-26T06:15:00,357110,Llaima,MODIS,20.97,2.83,1,moderada,2026-10-05T18:06:10,mirova-archivo,1
2009-04-27T03:35:00,357110,Llaima,MODIS,20.64,3.61,1,moderada,2026-10-05T18:06:10,mirova-archivo,1
2009-04-27T05:20:00,357110,Llaima,MODIS,4.19,2.24,1,baja,2026-10-05T18:06:10,mirova-archivo,1
2009-04-28T04:15:00,357110,Llaima,MODIS,2.073,2.24,1,baja,2026-10-05T18:06:10,mirova-archivo,1
2009-04-28T04:20:00,357110,Llaima,MODIS,6.642,2.24,1,baja,2026-10-05T18:06:10,mirova-archivo,1
2009-04-28T06:00:00,357110,Llaima,MODIS,15.17,2.83,1,moderada,2026-10-05T18:06:10,mirova-archivo,1
2009-04-29T03:20:00,357110,Llaima,MODIS,15.19,2.83,1,moderada,2026-10-05T18:06:10,mirova-archivo,1
2009-04-29T05:05:00,357110,Llaima,MODIS,0.3873,1.00,1,muy baja,2026-10-05T18:06:10,mirova-archivo,1
2009-04-29T06:45:00,357110,Llaima,MODIS,0.456,2.83,1,muy baja,2026-10-05T18:06:10,mirova-archivo,1
2009-04-30T04:05:00,357110,Llaima,MODIS,9.308,2.83,1,baja,2026-10-05T18:06:10,mirova-archivo,1
2009-04-30T05:50:00,357110,Llaima,MODIS,15.01,2.83,1,moderada,2026-10-05T18:06:10,mirova-archivo,1
2009-05-01T03:10:00,357110,Llaima,MODIS,6.783,2.24,1,baja,2026-10-05T18:06:10,mirova-archivo,1
2009-05-01T06:30:00,357110,Llaima,MODIS,0.8301,2.24,1,muy baja,2026-10-05T18:06:10,mirova-archivo,1
2009-05-02T03:55:00,357110,Llaima,MODIS,7.527,2.83,1,baja,2026-10-05T18:06:10,mirova-archivo,1
2009-05-02T05:35:00,357110,Llaima,MODIS,6.345,2.24,1,baja,2026-10-05T18:06:10,mirova-archivo,1
2009-05-03T03:00:00,357110,Llaima,MODIS,7.516,2.24,1,baja,2026-10-05T18:06:10,mirova-archivo,1
2009-05-05T06:05:00,357110,Llaima,MODIS,3.103,2.83,1,baja,2026-10-05T18:06:10,mirova-archivo,1
2009-05-06T03:30:00,357110,Llaima,MODIS,6.259,2.83,1,baja,2026-10-05T18:06:10,mirova-archivo,1
2009-05-06T05:10:00,357110,Llaima,MODIS,0.2968,1.41,1,muy baja,2026-10-05T18:06:10,mirova-archivo,1
2009-05-06T06:50:00,357110,Llaima,MODIS,0.6184,1.00,1,muy baja,2026-10-05T18:06:10,mirova-archivo,1
2009-05-07T04:10:00,357110,Llaima,MODIS,2.303,2.83,1,baja,2026-10-05T18:06:10,mirova-archivo,1
2009-05-07T05:55:00,357110,Llaima,MODIS,8.936,2.83,1,baja,2026-10-05T18:06:10,mirova-archivo,1
2009-05-08T03:15:00,357110,Llaima,MODIS,5.293,2.24,1,baja,2026-10-05T18:06:10,mirova-archivo,1
2009-05-12T06:15:00,357110,Llaima,MODIS,0.4229,2.24,1,muy baja,2026-10-05T18:06:10,mirova-archivo,1
2009-05-14T04:15:00,357110,Llaima,MODIS,2.467,2.83,1,baja,2026-10-05T18:06:10,mirova-archivo,1
2009-05-14T06:00:00,357110,Llaima,MODIS,2.598,1.41,1,baja,2026-10-05T18:06:10,mirova-archivo,1
2009-05-15T03:20:00,357110,Llaima,MODIS,2.883,1.41,1,baja,2026-10-05T18:06:10,mirova-archivo,1
2009-05-17T03:10:00,357110,Llaima,MODIS,0.5882,1.41,1,muy baja,2026-10-05T18:06:10,mirova-archivo,1
2009-05-18T05:35:00,357110,Llaima,MODIS,0.2646,1.41,1,muy baja,2026-10-05T18:06:10,mirova-archivo,1
2009-05-25T05:40:00,357110,Llaima,MODIS,2.944,2.83,1,baja,2026-10-05T18:06:10,mirova-archivo,1
2009-05-26T06:25:00,357110,Llaima,MODIS,0.5708,2.83,1,muy baja,2026-10-05T18:06:10,mirova-archivo,1
2009-05-27T03:45:00,357110,Llaima,MODIS,4.668,2.83,1,baja,2026-10-05T18:06:10,mirova-archivo,1
2009-05-27T05:30:00,357110,Llaima,MODIS,3.558,2.24,1,baja,2026-10-05T18:06:10,mirova-archivo,1
2009-05-28T06:15:00,357110,Llaima,MODIS,1.816,2.83,1,baja,2026-10-05T18:06:10,mirova-archivo,1
2009-05-29T03:35:00,357110,Llaima,MODIS,5.184,2.83,1,baja,2026-10-05T18:06:10,mirova-archivo,1
2009-05-30T04:15:00,357110,Llaima,MODIS,0.4463,2.83,1,muy baja,2026-10-05T18:06:10,mirova-archivo,1
2009-05-30T06:00:00,357110,Llaima,MODIS,5.159,2.83,1,baja,2026-10-05T18:06:10,mirova-archivo,1
2009-06-01T04:05:00,357110,Llaima,MODIS,0.5064,1.41,1,muy baja,2026-10-05T18:06:10,mirova-archivo,1
2009-06-01T05:50:00,357110,Llaima,MODIS,2.487,2.83,1,baja,2026-10-05T18:06:10,mirova-archivo,1
2009-06-02T03:10:00,357110,Llaima,MODIS,2.805,2.24,1,baja,2026-10-05T18:06:10,mirova-archivo,1
2009-06-03T05:35:00,357110,Llaima,MODIS,1.724,2.83,1,baja,2026-10-05T18:06:10,mirova-archivo,1
2009-06-05T03:40:00,357110,Llaima,MODIS,0.8484,2.83,1,muy baja,2026-10-05T18:06:10,mirova-archivo,1
2009-06-06T06:05:00,357110,Llaima,MODIS,0.4543,0.00,1,muy baja,2026-10-05T18:06:10,mirova-archivo,1
2009-06-07T03:30:00,357110,Llaima,MODIS,0.5402,0.00,1,muy baja,2026-10-05T18:06:10,mirova-archivo,1
2009-06-08T05:55:00,357110,Llaima,MODIS,3.065,2.83,1,baja,2026-10-05T18:06:10,mirova-archivo,1
2009-06-09T03:15:00,357110,Llaima,MODIS,0.8325,0.00,1,muy baja,2026-10-05T18:06:10,mirova-archivo,1
2009-06-10T04:00:00,357110,Llaima,MODIS,1.006,1.00,1,baja,2026-10-05T18:06:10,mirova-archivo,1
2009-06-12T03:45:00,357110,Llaima,MODIS,1.334,0.00,1,baja,2026-10-05T18:06:10,mirova-archivo,1
2009-06-20T06:20:00,357110,Llaima,MODIS,1.552,2.24,1,baja,2026-10-05T18:06:10,mirova-archivo,1
2009-06-24T05:55:00,357110,Llaima,MODIS,2.273,2.83,1,baja,2026-10-05T18:06:10,mirova-archivo,1
2009-06-25T03:15:00,357110,Llaima,MODIS,0.3979,0.00,1,muy baja,2026-10-05T18:06:10,mirova-archivo,1
2009-07-08T06:05:00,357110,Llaima,MODIS,0.1861,1.41,1,muy baja,2026-10-05T18:06:10,mirova-archivo,1
2009-07-16T03:35:00,357110,Llaima,MODIS,0.8684,0.00,1,muy baja,2026-10-05T18:06:10,mirova-archivo,1
2009-07-24T06:05:00,357110,Llaima,MODIS,0.917,1.00,1,muy baja,2026-10-05T18:06:10,mirova-archivo,1
2009-07-26T05:55:00,357110,Llaima,MODIS,0.8949,2.83,1,muy baja,2026-10-05T18:06:10,mirova-archivo,1
2009-07-28T05:40:00,357110,Llaima,MODIS,0.7472,1.00,1,muy baja,2026-10-05T18:06:10,mirova-archivo,1
2009-07-29T06:25:00,357110,Llaima,MODIS,0.3817,1.00,1,muy baja,2026-10-05T18:06:10,mirova-archivo,1
2009-08-01T03:35:00,357110,Llaima,MODIS,0.2818,0.00,1,muy baja,2026-10-05T18:06:10,mirova-archivo,1
2009-08-02T06:00:00,357110,Llaima,MODIS,0.7662,0.00,1,muy baja,2026-10-05T18:06:10,mirova-archivo,1
2009-08-08T03:40:00,357110,Llaima,MODIS,0.3679,1.00,1,muy baja,2026-10-05T18:06:10,mirova-archivo,1
2009-09-02T03:35:00,357110,Llaima,MODIS,0.7626,1.00,1,muy baja,2026-10-05T18:06:10,mirova-archivo,1
2009-09-03T06:00:00,357110,Llaima,MODIS,0.1431,1.00,1,muy baja,2026-10-05T18:06:10,mirova-archivo,1
2009-09-04T03:20:00,357110,Llaima,MODIS,0.4189,1.41,1,muy baja,2026-10-05T18:06:10,mirova-archivo,1
2009-09-11T03:30:00,357110,Llaima,MODIS,1.021,1.41,1,baja,2026-10-05T18:06:10,mirova-archivo,1
2009-09-19T06:00:00,357110,Llaima,MODIS,0.8856,2.83,1,muy baja,2026-10-05T18:06:10,mirova-archivo,1
2009-09-23T03:50:00,357110,Llaima,MODIS,0.3948,0.00,1,muy baja,2026-10-05T18:06:10,mirova-archivo,1
2009-10-20T03:35:00,357110,Llaima,MODIS,0.3379,0.00,1,muy baja,2026-10-05T18:06:10,mirova-archivo,1
2009-11-12T03:40:00,357110,Llaima,MODIS,0.4129,0.00,1,muy baja,2026-10-05T18:06:10,mirova-archivo,1
2012-01-31T04:54:00,357110,Llaima,VIIRS375,0.9138,24.87,0,no volcanica,2026-10-05T18:06:10,mirova-archivo,0
2012-02-02T05:54:00,357110,Llaima,VIIRS375,0.02824,0.53,1,muy baja,2026-10-05T18:06:10,mirova-archivo,1
2012-02-13T05:48:00,357110,Llaima,VIIRS375,0.07126,0.53,1,muy baja,2026-10-05T18:06:10,mirova-archivo,1
2012-02-23T06:00:00,357110,Llaima,VIIRS375,0.04574,0.53,1,muy baja,2026-10-05T18:06:10,mirova-archivo,1
2012-03-09T06:18:00,357110,Llaima,VIIRS375,0.04065,2.62,0,no volcanica,2026-10-05T18:06:10,mirova-archivo,0
2012-04-04T04:54:00,357110,Llaima,VIIRS375,0.2769,25.19,0,no volcanica,2026-10-05T18:06:10,mirova-archivo,0
2012-05-28T06:18:00,357110,Llaima,VIIRS375,0.01342,1.35,0,no volcanica,2026-10-05T18:06:10,mirova-archivo,0
2012-06-10T05:36:00,357110,Llaima,VIIRS375,0.3675,7.73,0,no volcanica,2026-10-05T18:06:10,mirova-archivo,0
2012-06-12T04:54:00,357110,Llaima,VIIRS375,0.2048,13.15,0,no volcanica,2026-10-05T18:06:10,mirova-archivo,0
2012-06-13T06:18:00,357110,Llaima,VIIRS375,0.2288,29.25,0,no volcanica,2026-10-05T18:06:10,mirova-archivo,0
2012-06-15T05:42:00,357110,Llaima,VIIRS375,0.1062,17.57,0,no volcanica,2026-10-05T18:06:10,mirova-archivo,0
2012-06-20T05:48:00,357110,Llaima,VIIRS375,0.1438,25.17,0,no volcanica,2026-10-05T18:06:10,mirova-archivo,0
2012-08-16T04:36:00,357110,Llaima,VIIRS375,0.3539,24.76,0,no volcanica,2026-10-05T18:06:10,mirova-archivo,0
2012-09-08T05:48:00,357110,Llaima,VIIRS375,0.301,19.45,0,no volcanica,2026-10-05T18:06:10,mirova-archivo,0
2012-12-02T05:54:00,357110,Llaima,VIIRS375,1.039,21.01,0,no volcanica,2026-10-05T18:06:10,mirova-archivo,0
2012-12-14T05:30:00,357110,Llaima,VIIRS375,0.253,18.93,0,no volcanica,2026-10-05T18:06:10,mirova-archivo,0
2013-01-11T06:42:00,357110,Llaima,VIIRS375,0.1762,2.65,0,no volcanica,2026-10-05T18:06:10,mirova-archivo,0
2013-01-19T05:54:00,357110,Llaima,VIIRS375,0.7741,20.34,0,no volcanica,2026-10-05T18:06:10,mirova-archivo,0
2013-01-20T05:36:00,357110,Llaima,VIIRS375,0.3388,28.39,0,no volcanica,2026-10-05T18:06:10,mirova-archivo,0
2013-02-28T05:06:00,357110,Llaima,VIIRS375,0.2368,13.26,0,no volcanica,2026-10-05T18:06:10,mirova-archivo,0
2013-03-13T06:00:00,357110,Llaima,VIIRS375,2.311,18.62,0,no volcanica,2026-10-05T18:06:10,mirova-archivo,0
2013-04-06T05:12:00,357110,Llaima,VIIRS375,0.33,4.28,0,no volcanica,2026-10-05T18:06:10,mirova-archivo,0
2013-04-28T05:00:00,357110,Llaima,VIIRS375,0.3543,21.68,0,no volcanica,2026-10-05T18:06:10,mirova-archivo,0
2013-05-18T05:24:00,357110,Llaima,VIIRS375,2.714,17.34,0,no volcanica,2026-10-05T18:06:10,mirova-archivo,0
2013-05-25T04:54:00,357110,Llaima,VIIRS375,2,17.97,0,no volcanica,2026-10-05T18:06:10,mirova-archivo,0
2013-05-27T05:54:00,357110,Llaima,VIIRS375,0.8719,20.68,0,no volcanica,2026-10-05T18:06:10,mirova-archivo,0
2013-05-28T05:36:00,357110,Llaima,VIIRS375,0.285,25.62,0,no volcanica,2026-10-05T18:06:10,mirova-archivo,0
2013-06-15T05:00:00,357110,Llaima,VIIRS375,0.5092,25.99,0,no volcanica,2026-10-05T18:06:10,mirova-archivo,0
2013-06-24T05:30:00,357110,Llaima,VIIRS375,0.9808,18.96,0,no volcanica,2026-10-05T18:06:10,mirova-archivo,0
2013-06-26T04:54:00,357110,Llaima,VIIRS375,0.2224,1.19,0,no volcanica,2026-10-05T18:06:10,mirova-archivo,0
2013-07-28T04:54:00,357110,Llaima,VIIRS375,0.7076,23.72,0,no volcanica,2026-10-05T18:06:10,mirova-archivo,0
2013-08-30T04:36:00,357110,Llaima,VIIRS375,0.1158,16.44,0,no volcanica,2026-10-05T18:06:10,mirova-archivo,0
2013-09-11T05:48:00,357110,Llaima,VIIRS375,0.3078,17.89,0,no volcanica,2026-10-05T18:06:10,mirova-archivo,0
2013-09-15T06:12:00,357110,Llaima,VIIRS375,0.4371,22.81,0,no volcanica,2026-10-05T18:06:10,mirova-archivo,0
2013-11-05T05:18:00,357110,Llaima,VIIRS375,0.6502,13.65,0,no volcanica,2026-10-05T18:06:10,mirova-archivo,0
2013-11-23T04:42:00,357110,Llaima,VIIRS375,0.0726,2.65,0,no volcanica,2026-10-05T18:06:10,mirova-archivo,0
2014-01-08T05:18:00,357110,Llaima,VIIRS375,1.04,17.34,0,no volcanica,2026-10-05T18:06:10,mirova-archivo,0
2014-05-23T04:54:00,357110,Llaima,VIIRS375,0.7188,23.89,0,no volcanica,2026-10-05T18:06:10,mirova-archivo,0
2014-06-11T05:36:00,357110,Llaima,VIIRS375,0.09513,27.85,0,no volcanica,2026-10-05T18:06:10,mirova-archivo,0
2014-06-17T05:24:00,357110,Llaima,VIIRS375,0.4921,24.67,0,no volcanica,2026-10-05T18:06:10,mirova-archivo,0
2014-07-17T06:00:00,357110,Llaima,VIIRS375,0.2668,24.19,0,no volcanica,2026-10-05T18:06:10,mirova-archivo,0
2014-07-19T05:24:00,357110,Llaima,VIIRS375,1.469,9.49,0,no volcanica,2026-10-05T18:06:10,mirova-archivo,0
2014-08-30T05:36:00,357110,Llaima,VIIRS375,0.126,2.52,0,no volcanica,2026-10-05T18:06:10,mirova-archivo,0
2014-09-22T05:06:00,357110,Llaima,VIIRS375,0.04253,1.91,0,no volcanica,2026-10-05T18:06:10,mirova-archivo,0
2014-10-18T07:00:00,357110,Llaima,VIIRS375,0.01905,1.55,0,no volcanica,2026-10-05T18:06:10,mirova-archivo,0
2014-10-22T05:42:00,357110,Llaima,VIIRS375,0.2394,2.37,0,no volcanica,2026-10-05T18:06:10,mirova-archivo,0
2014-11-28T05:48:00,357110,Llaima,VIIRS375,0.2095,25.30,0,no volcanica,2026-10-05T18:06:10,mirova-archivo,0
2015-01-26T05:42:00,357110,Llaima,VIIRS375,0.3087,5.00,0,no volcanica,2026-10-05T18:06:10,mirova-archivo,0
2015-03-15T05:42:00,357110,Llaima,VIIRS375,3.107,19.71,0,no volcanica,2026-10-05T18:06:10,mirova-archivo,0
2015-03-15T18:30:00,357110,Llaima,MODIS,258.9,20.25,0,no volcanica,2026-10-05T18:06:10,mirova-archivo,0
2015-03-16T03:50:00,357110,Llaima,MODIS,84.42,21.19,0,no volcanica,2026-10-05T18:06:10,mirova-archivo,0
2015-03-16T05:24:00,357110,Llaima,VIIRS750,50.4,20.89,0,no volcanica,2026-10-05T18:06:10,mirova-archivo,0
2015-03-16T05:30:00,357110,Llaima,MODIS,30.43,21.54,0,no volcanica,2026-10-05T18:06:10,mirova-archivo,0
2015-03-16T19:10:00,357110,Llaima,MODIS,1.074e+04,23.77,0,no volcanica,2026-10-05T18:06:10,mirova-archivo,0
2015-03-17T02:55:00,357110,Llaima,MODIS,38.16,17.89,0,no volcanica,2026-10-05T18:06:10,mirova-archivo,0
2015-03-17T06:15:00,357110,Llaima,MODIS,38.84,19.31,0,no volcanica,2026-10-05T18:06:10,mirova-archivo,0
2015-03-18T03:40:00,357110,Llaima,MODIS,103.8,24.60,0,no volcanica,2026-10-05T18:06:10,mirova-archivo,0
2015-03-18T04:48:00,357110,Llaima,VIIRS750,135.3,18.12,0,no volcanica,2026-10-05T18:06:10,mirova-archivo,0
2015-03-18T05:20:00,357110,Llaima,MODIS,9.85,23.26,0,no volcanica,2026-10-05T18:06:10,mirova-archivo,0
2015-03-18T06:24:00,357110,Llaima,VIIRS750,25.88,27.18,0,no volcanica,2026-10-05T18:06:10,mirova-archivo,0
2015-03-18T19:00:00,357110,Llaima,MODIS,1330,26.83,0,no volcanica,2026-10-05T18:06:10,mirova-archivo,0
2015-03-19T06:05:00,357110,Llaima,MODIS,25.09,27.29,0,no volcanica,2026-10-05T18:06:10,mirova-archivo,0
2015-03-19T06:06:00,357110,Llaima,VIIRS750,19.06,25.51,0,no volcanica,2026-10-05T18:06:10,mirova-archivo,0
2015-03-19T18:05:00,357110,Llaima,MODIS,132,26.83,0,no volcanica,2026-10-05T18:06:10,mirova-archivo,0
2015-03-20T03:30:00,357110,Llaima,MODIS,41.92,21.47,0,no volcanica,2026-10-05T18:06:10,mirova-archivo,0
2015-03-20T05:48:00,357110,Llaima,VIIRS375,8.187,25.63,0,no volcanica,2026-10-05T18:06:10,mirova-archivo,0
2015-03-21T04:10:00,357110,Llaima,MODIS,24.94,17.09,0,no volcanica,2026-10-05T18:06:10,mirova-archivo,0
2015-03-21T05:30:00,357110,Llaima,VIIRS750,27.62,24.93,0,no volcanica,2026-10-05T18:06:10,mirova-archivo,0
2015-03-21T05:50:00,357110,Llaima,MODIS,17.5,23.32,0,no volcanica,2026-10-05T18:06:10,mirova-archivo,0
2015-03-21T15:15:00,357110,Llaima,MODIS,698.1,22.83,0,no volcanica,2026-10-05T18:06:10,mirova-archivo,0
2015-03-21T19:30:00,357110,Llaima,MODIS,186.6,19.65,0,no volcanica,2026-10-05T18:06:10,mirova-archivo,0
2015-03-22T03:15:00,357110,Llaima,MODIS,11.49,20.25,0,no volcanica,2026-10-05T18:06:10,mirova-archivo,0
2015-03-22T05:12:00,357110,Llaima,VIIRS750,10.45,20.19,0,no volcanica,2026-10-05T18:06:10,mirova-archivo,0
2015-03-23T04:00:00,357110,Llaima,MODIS,5.637,20.25,0,no volcanica,2026-10-05T18:06:10,mirova-archivo,0
2015-03-23T05:40:00,357110,Llaima,MODIS,2.011,19.72,0,no volcanica,2026-10-05T18:06:10,mirova-archivo,0
2015-03-23T06:30:00,357110,Llaima,VIIRS750,5.617,26.83,0,no volcanica,2026-10-05T18:06:10,mirova-archivo,0
2015-03-23T19:15:00,357110,Llaima,MODIS,78.58,20.81,0,no volcanica,2026-10-05T18:06:10,mirova-archivo,0
2015-03-24T03:05:00,357110,Llaima,MODIS,54.64,20.25,0,no volcanica,2026-10-05T18:06:10,mirova-archivo,0
2015-03-24T04:30:00,357110,Llaima,VIIRS375,25.81,19.68,0,no volcanica,2026-10-05T18:06:10,mirova-archivo,0
2015-03-24T06:12:00,357110,Llaima,VIIRS750,18.87,27.54,0,no volcanica,2026-10-05T18:06:10,mirova-archivo,0
2015-03-24T06:20:00,357110,Llaima,MODIS,2.343,15.65,0,no volcanica,2026-10-05T18:06:10,mirova-archivo,0
2015-03-24T18:20:00,357110,Llaima,MODIS,512.4,19.42,0,no volcanica,2026-10-05T18:06:10,mirova-archivo,0
2015-03-25T03:45:00,357110,Llaima,MODIS,26.26,19.24,0,no volcanica,2026-10-05T18:06:10,mirova-archivo,0
2015-03-25T05:54:00,357110,Llaima,VIIRS750,10.67,19.17,0,no volcanica,2026-10-05T18:06:10,mirova-archivo,0
2015-03-25T19:05:00,357110,Llaima,MODIS,73.03,18.03,0,no volcanica,2026-10-05T18:06:10,mirova-archivo,0
2015-03-26T05:36:00,357110,Llaima,VIIRS375,8.047,25.62,0,no volcanica,2026-10-05T18:06:10,mirova-archivo,0
2015-03-27T03:35:00,357110,Llaima,MODIS,20.68,18.03,0,no volcanica,2026-10-05T18:06:10,mirova-archivo,0
2015-03-27T05:18:00,357110,Llaima,VIIRS750,11.48,17.89,0,no volcanica,2026-10-05T18:06:10,mirova-archivo,0
2015-03-28T05:00:00,357110,Llaima,VIIRS375,0.4126,16.85,0,no volcanica,2026-10-05T18:06:10,mirova-archivo,0
2015-03-28T05:55:00,357110,Llaima,MODIS,8.049,17.49,0,no volcanica,2026-10-05T18:06:10,mirova-archivo,0
2015-03-28T06:36:00,357110,Llaima,VIIRS375,4.724,25.38,0,no volcanica,2026-10-05T18:06:10,mirova-archivo,0
2015-04-12T05:18:00,357110,Llaima,VIIRS375,1.228,16.98,0,no volcanica,2026-10-05T18:06:10,mirova-archivo,0
2015-04-13T05:00:00,357110,Llaima,VIIRS375,0.2173,18.02,0,no volcanica,2026-10-05T18:06:10,mirova-archivo,0
2015-05-05T04:42:00,357110,Llaima,VIIRS375,1.744,17.88,0,no volcanica,2026-10-05T18:06:10,mirova-archivo,0
2015-05-30T05:18:00,357110,Llaima,VIIRS375,1.219,10.30,0,no volcanica,2026-10-05T18:06:10,mirova-archivo,0
2015-06-02T06:00:00,357110,Llaima,VIIRS375,0.01042,1.35,0,no volcanica,2026-10-05T18:06:10,mirova-archivo,0
2015-08-06T05:42:00,357110,Llaima,VIIRS375,0.1842,10.80,0,no volcanica,2026-10-05T18:06:10,mirova-archivo,0
2015-08-14T04:48:00,357110,Llaima,VIIRS375,1.25,21.55,0,no volcanica,2026-10-05T18:06:10,mirova-archivo,0
2015-10-20T05:30:00,357110,Llaima,VIIRS375,0.1771,20.14,0,no volcanica,2026-10-05T18:06:10,mirova-archivo,0
2015-11-11T05:18:00,357110,Llaima,VIIRS375,1.35,23.84,0,no volcanica,2026-10-05T18:06:10,mirova-archivo,0
2015-12-18T05:24:00,357110,Llaima,VIIRS375,1.382,21.00,0,no volcanica,2026-10-05T18:06:10,mirova-archivo,0
2015-12-25T04:54:00,357110,Llaima,VIIRS375,0.5934,27.04,0,no volcanica,2026-10-05T18:06:10,mirova-archivo,0
2016-01-10T04:54:00,357110,Llaima,VIIRS375,0.06699,2.93,0,no volcanica,2026-10-05T18:06:10,mirova-archivo,0
2016-01-11T06:18:00,357110,Llaima,VIIRS375,0.04023,2.52,0,no volcanica,2026-10-05T18:06:10,mirova-archivo,0
2016-01-31T05:00:00,357110,Llaima,VIIRS375,0.3826,23.72,0,no volcanica,2026-10-05T18:06:10,mirova-archivo,0
2016-02-06T06:30:00,357110,Llaima,VIIRS375,0.7826,27.86,0,no volcanica,2026-10-05T18:06:10,mirova-archivo,0
2016-04-23T05:42:00,357110,Llaima,VIIRS375,0.2809,18.75,0,no volcanica,2026-10-05T18:06:10,mirova-archivo,0
2016-04-29T18:10:00,357110,Llaima,MODIS,539.6,26.40,0,no volcanica,2026-10-05T18:06:10,mirova-archivo,0
2016-06-04T05:54:00,357110,Llaima,VIIRS375,0.9187,10.61,0,no volcanica,2026-10-05T18:06:10,mirova-archivo,0
2016-06-22T05:18:00,357110,Llaima,VIIRS375,0.7265,19.16,0,no volcanica,2026-10-05T18:06:10,mirova-archivo,0
2016-07-12T05:42:00,357110,Llaima,VIIRS375,0.5447,20.64,0,no volcanica,2026-10-05T18:06:10,mirova-archivo,0
2016-07-16T06:06:00,357110,Llaima,VIIRS375,1.173,14.25,0,no volcanica,2026-10-05T18:06:10,mirova-archivo,0
2016-07-26T06:18:00,357110,Llaima,VIIRS375,0.5871,23.92,0,no volcanica,2026-10-05T18:06:10,mirova-archivo,0
2016-08-15T06:48:00,357110,Llaima,VIIRS375,0.01527,1.68,0,no volcanica,2026-10-05T18:06:10,mirova-archivo,0
2016-09-21T05:12:00,357110,Llaima,VIIRS375,2.494,13.59,0,no volcanica,2026-10-05T18:06:10,mirova-archivo,0
2016-10-29T05:00:00,357110,Llaima,VIIRS375,1.21,13.44,0,no volcanica,2026-10-05T18:06:10,mirova-archivo,0
2017-01-19T06:00:00,357110,Llaima,VIIRS375,0.1111,2.28,0,no volcanica,2026-10-05T18:06:10,mirova-archivo,0
2017-03-18T06:12:00,357110,Llaima,VIIRS375,0.7411,1.35,0,no volcanica,2026-10-05T18:06:10,mirova-archivo,0
2017-04-02T06:30:00,357110,Llaima,VIIRS375,0.8191,19.83,0,no volcanica,2026-10-05T18:06:10,mirova-archivo,0
2017-04-13T04:48:00,357110,Llaima,VIIRS375,2.581,22.66,0,no volcanica,2026-10-05T18:06:10,mirova-archivo,0
2017-04-29T04:48:00,357110,Llaima,VIIRS375,0.5291,17.43,0,no volcanica,2026-10-05T18:06:10,mirova-archivo,0
2017-05-07T05:36:00,357110,Llaima,VIIRS375,0.07405,14.20,0,no volcanica,2026-10-05T18:06:10,mirova-archivo,0
2017-05-21T04:36:00,357110,Llaima,VIIRS375,0.03239,2.52,0,no volcanica,2026-10-05T18:06:10,mirova-archivo,0
2017-05-22T05:54:00,357110,Llaima,VIIRS375,0.2207,21.59,0,no volcanica,2026-10-05T18:06:10,mirova-archivo,0
2017-06-02T05:48:00,357110,Llaima,VIIRS375,0.2275,17.21,0,no volcanica,2026-10-05T18:06:10,mirova-archivo,0
2017-06-04T05:12:00,357110,Llaima,VIIRS375,0.2229,23.14,0,no volcanica,2026-10-05T18:06:10,mirova-archivo,0
2017-06-10T05:00:00,357110,Llaima,VIIRS375,1.708,25.17,0,no volcanica,2026-10-05T18:06:10,mirova-archivo,0
2017-07-18T04:48:00,357110,Llaima,VIIRS375,1.078,4.58,0,no volcanica,2026-10-05T18:06:10,mirova-archivo,0
2017-07-23T04:54:00,357110,Llaima,VIIRS375,0.2914,25.39,0,no volcanica,2026-10-05T18:06:10,mirova-archivo,0
2017-07-26T05:36:00,357110,Llaima,VIIRS375,0.4092,20.47,0,no volcanica,2026-10-05T18:06:10,mirova-archivo,0
2017-08-13T05:00:00,357110,Llaima,VIIRS375,0.1647,17.82,0,no volcanica,2026-10-05T18:06:10,mirova-archivo,0
2017-09-05T06:06:00,357110,Llaima,VIIRS375,0.4044,9.38,0,no volcanica,2026-10-05T18:06:10,mirova-archivo,0
2017-10-04T05:24:00,357110,Llaima,VIIRS375,0.3562,27.53,0,no volcanica,2026-10-05T18:06:10,mirova-archivo,0
2017-10-07T04:30:00,357110,Llaima,VIIRS375,4.626,28.13,0,no volcanica,2026-10-05T18:06:10,mirova-archivo,0
2017-10-25T05:30:00,357110,Llaima,VIIRS375,0.1377,23.30,0,no volcanica,2026-10-05T18:06:10,mirova-archivo,0
2017-11-12T04:54:00,357110,Llaima,VIIRS375,0.2782,18.75,0,no volcanica,2026-10-05T18:06:10,mirova-archivo,0
2017-11-18T04:42:00,357110,Llaima,VIIRS375,2.267,11.47,0,no volcanica,2026-10-05T18:06:10,mirova-archivo,0
2017-11-20T05:42:00,357110,Llaima,VIIRS375,0.1779,24.57,0,no volcanica,2026-10-05T18:06:10,mirova-archivo,0
2017-12-13T05:12:00,357110,Llaima,VIIRS375,1.029,15.42,0,no volcanica,2026-10-05T18:06:10,mirova-archivo,0
2018-02-08T04:54:00,357110,Llaima,VIIRS375,0.6858,27.83,0,no volcanica,2026-10-05T18:06:10,mirova-archivo,0
2018-02-16T04:54:00,357110,Llaima,VIIRS375,1.789,11.03,0,no volcanica,2026-10-05T18:06:10,mirova-archivo,0
2018-04-05T05:42:00,357110,Llaima,VIIRS375,0.3996,1.35,0,no volcanica,2026-10-05T18:06:10,mirova-archivo,0
2018-04-20T06:00:00,357110,Llaima,VIIRS375,0.3815,5.57,0,no volcanica,2026-10-05T18:06:10,mirova-archivo,0
2018-04-21T05:42:00,357110,Llaima,VIIRS375,0.2443,12.77,0,no volcanica,2026-10-05T18:06:10,mirova-archivo,0
2018-05-07T06:30:00,357110,Llaima,VIIRS375,0.9362,5.33,0,no volcanica,2026-10-05T18:06:10,mirova-archivo,0
2018-05-22T05:12:00,357110,Llaima,VIIRS375,0.9491,14.64,0,no volcanica,2026-10-05T18:06:10,mirova-archivo,0
2018-06-01T05:24:00,357110,Llaima,VIIRS375,0.6767,22.10,0,no volcanica,2026-10-05T18:06:10,mirova-archivo,0
2018-06-05T05:48:00,357110,Llaima,VIIRS375,0.1758,12.24,0,no volcanica,2026-10-05T18:06:10,mirova-archivo,0
2018-06-10T05:06:00,357110,Llaima,VIIRS375,0.4774,5.03,0,no volcanica,2026-10-05T18:06:10,mirova-archivo,0
2018-06-11T05:36:00,357110,Llaima,VIIRS375,0.2175,10.82,0,no volcanica,2026-10-05T18:06:10,mirova-archivo,0
2018-06-30T04:42:00,357110,Llaima,VIIRS375,0.03221,2.86,0,no volcanica,2026-10-05T18:06:10,mirova-archivo,0
2018-07-12T05:54:00,357110,Llaima,VIIRS375,0.149,15.97,0,no volcanica,2026-10-05T18:06:10,mirova-archivo,0
2018-07-13T04:48:00,357110,Llaima,VIIRS375,0.01771,2.62,0,no volcanica,2026-10-05T18:06:10,mirova-archivo,0
2018-07-15T05:00:00,357110,Llaima,VIIRS375,0.6967,21.74,0,no volcanica,2026-10-05T18:06:10,mirova-archivo,0
2018-08-24T05:48:00,357110,Llaima,VIIRS375,0.2969,22.15,0,no volcanica,2026-10-05T18:06:10,mirova-archivo,0
2018-08-29T05:06:00,357110,Llaima,VIIRS375,0.5241,25.02,0,no volcanica,2026-10-05T18:06:10,mirova-archivo,0
2018-09-19T05:12:00,357110,Llaima,VIIRS375,0.1946,20.16,0,no volcanica,2026-10-05T18:06:10,mirova-archivo,0
2018-10-05T06:00:00,357110,Llaima,VIIRS375,0.3151,15.12,0,no volcanica,2026-10-05T18:06:10,mirova-archivo,0
2018-10-11T05:48:00,357110,Llaima,VIIRS375,0.5504,19.36,0,no volcanica,2026-10-05T18:06:10,mirova-archivo,0
2018-11-02T06:24:00,357110,Llaima,VIIRS375,1.098,3.46,0,no volcanica,2026-10-05T18:06:10,mirova-archivo,0
2018-11-06T06:00:00,357110,Llaima,VIIRS375,0.2012,14.04,0,no volcanica,2026-10-05T18:06:10,mirova-archivo,0
2018-11-08T05:24:00,357110,Llaima,VIIRS375,0.2799,14.93,0,no volcanica,2026-10-05T18:06:10,mirova-archivo,0
2018-11-14T05:12:00,357110,Llaima,VIIRS375,0.5886,26.75,0,no volcanica,2026-10-05T18:06:10,mirova-archivo,0
2019-02-25T06:18:00,357110,Llaima,VIIRS375,0.1731,1.06,0,no volcanica,2026-10-05T18:06:10,mirova-archivo,0
2019-03-09T05:06:00,357110,Llaima,VIIRS375,1.262,17.57,0,no volcanica,2026-10-05T18:06:10,mirova-archivo,0
2019-03-11T05:18:00,357110,Llaima,VIIRS375,3.186,18.78,0,no volcanica,2026-10-05T18:06:10,mirova-archivo,0
2019-03-12T05:48:00,357110,Llaima,VIIRS375,1.154,20.98,0,no volcanica,2026-10-05T18:06:10,mirova-archivo,0
2019-03-16T06:12:00,357110,Llaima,VIIRS375,0.9165,15.02,0,no volcanica,2026-10-05T18:06:10,mirova-archivo,0
2019-03-18T04:48:00,357110,Llaima,VIIRS375,0.6846,19.88,0,no volcanica,2026-10-05T18:06:10,mirova-archivo,0
2019-03-18T05:36:00,357110,Llaima,VIIRS375,0.3776,19.88,0,no volcanica,2026-10-05T18:06:10,mirova-archivo,0
2019-03-30T05:12:00,357110,Llaima,VIIRS375,0.353,25.50,0,no volcanica,2026-10-05T18:06:10,mirova-archivo,0
2019-04-11T05:36:00,357110,Llaima,VIIRS375,0.2935,20.19,0,no volcanica,2026-10-05T18:06:10,mirova-archivo,0
2019-04-12T06:06:00,357110,Llaima,VIIRS375,0.2537,27.83,0,no volcanica,2026-10-05T18:06:10,mirova-archivo,0
2019-04-18T05:06:00,357110,Llaima,VIIRS375,0.635,15.12,0,no volcanica,2026-10-05T18:06:10,mirova-archivo,0
2019-04-22T05:30:00,357110,Llaima,VIIRS375,0.2622,20.22,0,no volcanica,2026-10-05T18:06:10,mirova-archivo,0
2019-05-19T04:36:00,357110,Llaima,VIIRS375,5.268,15.70,0,no volcanica,2026-10-05T18:06:10,mirova-archivo,0
2019-05-23T05:48:00,357110,Llaima,VIIRS375,0.4655,25.89,0,no volcanica,2026-10-05T18:06:10,mirova-archivo,0
2019-05-25T06:00:00,357110,Llaima,VIIRS375,0.1576,16.34,0,no volcanica,2026-10-05T18:06:10,mirova-archivo,0
2019-05-29T05:36:00,357110,Llaima,VIIRS375,0.6563,19.71,0,no volcanica,2026-10-05T18:06:10,mirova-archivo,0
2019-06-02T06:00:00,357110,Llaima,VIIRS375,2.375,28.29,0,no volcanica,2026-10-05T18:06:10,mirova-archivo,0
2019-07-10T05:48:00,357110,Llaima,VIIRS375,0.2702,6.36,0,no volcanica,2026-10-05T18:06:10,mirova-archivo,0
2019-07-26T05:00:00,357110,Llaima,VIIRS375,0.2309,29.99,0,no volcanica,2026-10-05T18:06:10,mirova-archivo,0
2019-07-26T05:48:00,357110,Llaima,VIIRS375,0.7917,17.77,0,no volcanica,2026-10-05T18:06:10,mirova-archivo,0
2019-07-27T05:30:00,357110,Llaima,VIIRS375,0.2533,20.49,0,no volcanica,2026-10-05T18:06:10,mirova-archivo,0
2019-10-04T04:48:00,357110,Llaima,VIIRS375,0.05661,2.19,0,no volcanica,2026-10-05T18:06:10,mirova-archivo,0
2019-10-26T05:24:00,357110,Llaima,VIIRS375,0.1562,20.23,0,no volcanica,2026-10-05T18:06:10,mirova-archivo,0
2019-10-28T05:36:00,357110,Llaima,VIIRS375,0.05144,3.02,0,no volcanica,2026-10-05T18:06:10,mirova-archivo,0
2019-10-29T06:06:00,357110,Llaima,VIIRS375,1.95,29.78,0,no volcanica,2026-10-05T18:06:10,mirova-archivo,0
2019-11-17T05:12:00,357110,Llaima,VIIRS375,1.29,23.18,0,no volcanica,2026-10-05T18:06:10,mirova-archivo,0
2019-11-30T06:06:00,357110,Llaima,VIIRS375,0.5789,11.43,0,no volcanica,2026-10-05T18:06:10,mirova-archivo,0
2019-12-13T05:24:00,357110,Llaima,VIIRS375,0.1725,12.47,0,no volcanica,2026-10-05T18:06:10,mirova-archivo,0
2019-12-25T05:48:00,357110,Llaima,VIIRS375,0.2974,27.90,0,no volcanica,2026-10-05T18:06:10,mirova-archivo,0
2020-01-24T06:24:00,357110,Llaima,VIIRS375,0.8488,6.63,0,no volcanica,2026-10-05T18:06:10,mirova-archivo,0
2020-02-09T05:36:00,357110,Llaima,VIIRS375,0.2345,10.73,0,no volcanica,2026-10-05T18:06:10,mirova-archivo,0
2020-03-16T06:00:00,357110,Llaima,VIIRS375,1.044,22.47,0,no volcanica,2026-10-05T18:06:10,mirova-archivo,0
2020-04-29T05:36:00,357110,Llaima,VIIRS375,0.6748,23.68,0,no volcanica,2026-10-05T18:06:10,mirova-archivo,0
2020-06-04T05:12:00,357110,Llaima,VIIRS375,0.4373,15.63,0,no volcanica,2026-10-05T18:06:10,mirova-archivo,0
2020-06-19T05:30:00,357110,Llaima,VIIRS375,0.3458,23.01,0,no volcanica,2026-10-05T18:06:10,mirova-archivo,0
2020-06-24T05:36:00,357110,Llaima,VIIRS375,0.2686,13.12,0,no volcanica,2026-10-05T18:06:10,mirova-archivo,0
2020-06-26T05:48:00,357110,Llaima,VIIRS375,0.2055,24.40,0,no volcanica,2026-10-05T18:06:10,mirova-archivo,0
2020-06-29T04:54:00,357110,Llaima,VIIRS375,0.08336,25.90,0,no volcanica,2026-10-05T18:06:10,mirova-archivo,0
2020-07-30T06:00:00,357110,Llaima,VIIRS375,0.3132,27.42,0,no volcanica,2026-10-05T18:06:10,mirova-archivo,0
2020-09-12T05:36:00,357110,Llaima,VIIRS375,0.168,25.17,0,no volcanica,2026-10-05T18:06:10,mirova-archivo,0
2020-09-19T05:06:00,357110,Llaima,VIIRS375,0.2016,16.75,0,no volcanica,2026-10-05T18:06:10,mirova-archivo,0
2020-09-28T05:36:00,357110,Llaima,VIIRS375,0.2934,19.10,0,no volcanica,2026-10-05T18:06:10,mirova-archivo,0
2020-10-03T04:54:00,357110,Llaima,VIIRS375,2.381,19.56,0,no volcanica,2026-10-05T18:06:10,mirova-archivo,0
2020-10-03T05:42:00,357110,Llaima,VIIRS375,1.014,19.56,0,no volcanica,2026-10-05T18:06:10,mirova-archivo,0
2020-10-16T05:48:00,357110,Llaima,VIIRS375,0.5025,14.12,0,no volcanica,2026-10-05T18:06:10,mirova-archivo,0
2020-10-24T05:48:00,357110,Llaima,VIIRS375,2.35,20.53,0,no volcanica,2026-10-05T18:06:10,mirova-archivo,0
2020-12-09T05:36:00,357110,Llaima,VIIRS375,0.6629,14.93,0,no volcanica,2026-10-05T18:06:10,mirova-archivo,0
2020-12-22T05:42:00,357110,Llaima,VIIRS375,0.2393,10.10,0,no volcanica,2026-10-05T18:06:10,mirova-archivo,0
2021-01-09T05:54:00,357110,Llaima,VIIRS375,0.2285,15.91,0,no volcanica,2026-10-05T18:06:10,mirova-archivo,0
2021-01-14T05:12:00,357110,Llaima,VIIRS375,1.13,11.65,0,no volcanica,2026-10-05T18:06:10,mirova-archivo,0
2021-02-09T05:24:00,357110,Llaima,VIIRS375,0.9668,20.64,0,no volcanica,2026-10-05T18:06:10,mirova-archivo,0
2021-02-10T05:54:00,357110,Llaima,VIIRS375,0.7895,11.03,0,no volcanica,2026-10-05T18:06:10,mirova-archivo,0
2021-03-09T05:48:00,357110,Llaima,VIIRS375,0.7353,10.88,0,no volcanica,2026-10-05T18:06:10,mirova-archivo,0
2021-03-21T06:12:00,357110,Llaima,VIIRS375,0.3158,10.10,0,no volcanica,2026-10-05T18:06:10,mirova-archivo,0
2021-03-22T05:06:00,357110,Llaima,VIIRS375,1.546,15.46,0,no volcanica,2026-10-05T18:06:10,mirova-archivo,0
2021-04-07T05:54:00,357110,Llaima,VIIRS375,0.1348,2.62,0,no volcanica,2026-10-05T18:06:10,mirova-archivo,0
2021-05-21T04:42:00,357110,Llaima,VIIRS375,2.506,25.30,0,no volcanica,2026-10-05T18:06:10,mirova-archivo,0
2021-06-05T05:00:00,357110,Llaima,VIIRS375,0.3038,26.12,0,no volcanica,2026-10-05T18:06:10,mirova-archivo,0
2021-06-21T06:36:00,357110,Llaima,VIIRS375,2.035,15.07,0,no volcanica,2026-10-05T18:06:10,mirova-archivo,0
2021-07-07T05:48:00,357110,Llaima,VIIRS375,0.2807,23.55,0,no volcanica,2026-10-05T18:06:10,mirova-archivo,0
2021-07-22T04:30:00,357110,Llaima,VIIRS375,0.01284,2.70,0,no volcanica,2026-10-05T18:06:10,mirova-archivo,0
2021-08-18T06:00:00,357110,Llaima,VIIRS375,0.2117,9.06,0,no volcanica,2026-10-05T18:06:10,mirova-archivo,0
2021-08-22T06:24:00,357110,Llaima,VIIRS375,0.1882,24.10,0,no volcanica,2026-10-05T18:06:10,mirova-archivo,0
2021-09-12T04:54:00,357110,Llaima,VIIRS375,0.1672,22.95,0,no volcanica,2026-10-05T18:06:10,mirova-archivo,0
2021-09-12T05:42:00,357110,Llaima,VIIRS375,1.266,24.03,0,no volcanica,2026-10-05T18:06:10,mirova-archivo,0
2021-09-13T06:12:00,357110,Llaima,VIIRS375,0.2279,9.01,0,no volcanica,2026-10-05T18:06:10,mirova-archivo,0
2021-10-12T04:42:00,357110,Llaima,VIIRS375,2.503,13.83,0,no volcanica,2026-10-05T18:06:10,mirova-archivo,0
2021-10-18T05:18:00,357110,Llaima,VIIRS375,0.6259,29.25,0,no volcanica,2026-10-05T18:06:10,mirova-archivo,0
2021-11-14T05:12:00,357110,Llaima,VIIRS375,0.597,29.74,0,no volcanica,2026-10-05T18:06:10,mirova-archivo,0
2021-11-30T06:00:00,357110,Llaima,VIIRS375,0.2643,25.02,0,no volcanica,2026-10-05T18:06:10,mirova-archivo,0
2021-12-04T04:48:00,357110,Llaima,VIIRS375,0.9288,20.48,0,no volcanica,2026-10-05T18:06:10,mirova-archivo,0
2021-12-04T05:36:00,357110,Llaima,VIIRS375,0.7563,20.98,0,no volcanica,2026-10-05T18:06:10,mirova-archivo,0
2022-01-03T04:30:00,357110,Llaima,VIIRS375,0.4675,26.05,0,no volcanica,2026-10-05T18:06:10,mirova-archivo,0
2022-01-08T17:48:00,357110,Llaima,VIIRS375,71.19,28.19,0,no volcanica,2026-10-05T18:06:10,mirova-archivo,0
2022-02-10T05:12:00,357110,Llaima,VIIRS375,0.2271,18.92,0,no volcanica,2026-10-05T18:06:10,mirova-archivo,0
2022-02-15T06:06:00,357110,Llaima,VIIRS375,0.305,14.80,0,no volcanica,2026-10-05T18:06:10,mirova-archivo,0
2022-02-22T03:50:00,357110,Llaima,MODIS,230.5,15.81,0,no volcanica,2026-10-05T18:06:10,mirova-archivo,0
2022-02-22T04:48:00,357110,Llaima,VIIRS750,67.75,15.00,0,no volcanica,2026-10-05T18:06:10,mirova-archivo,0
2022-02-22T05:36:00,357110,Llaima,VIIRS750,121.9,15.61,0,no volcanica,2026-10-05T18:06:10,mirova-archivo,0
2022-02-22T05:40:00,357110,Llaima,MODIS,102.6,16.40,0,no volcanica,2026-10-05T18:06:10,mirova-archivo,0
2022-02-22T06:24:00,357110,Llaima,VIIRS375,4.553,15.46,0,no volcanica,2026-10-05T18:06:10,mirova-archivo,0
2022-02-22T17:54:00,357110,Llaima,VIIRS750,858.4,15.39,0,no volcanica,2026-10-05T18:06:10,mirova-archivo,0
2022-02-22T18:48:00,357110,Llaima,VIIRS750,5156,15.61,0,no volcanica,2026-10-05T18:06:10,mirova-archivo,0
2022-02-23T04:30:00,357110,Llaima,VIIRS375,1.339,14.08,0,no volcanica,2026-10-05T18:06:10,mirova-archivo,0
2022-02-23T05:18:00,357110,Llaima,VIIRS750,33.98,14.56,0,no volcanica,2026-10-05T18:06:10,mirova-archivo,0
2022-02-23T06:06:00,357110,Llaima,VIIRS750,25.42,15.19,0,no volcanica,2026-10-05T18:06:10,mirova-archivo,0
2022-02-23T06:20:00,357110,Llaima,MODIS,2.727,14.21,0,no volcanica,2026-10-05T18:06:10,mirova-archivo,0
2022-03-12T05:00:00,357110,Llaima,VIIRS375,1.495,20.22,0,no volcanica,2026-10-05T18:06:10,mirova-archivo,0
2022-03-21T04:42:00,357110,Llaima,VIIRS375,0.4113,18.39,0,no volcanica,2026-10-05T18:06:10,mirova-archivo,0
2022-03-21T05:30:00,357110,Llaima,VIIRS375,0.3767,24.48,0,no volcanica,2026-10-05T18:06:10,mirova-archivo,0
2022-04-06T19:30:00,357110,Llaima,VIIRS750,56.74,25.38,0,no volcanica,2026-10-05T18:06:10,mirova-archivo,0
2022-04-15T05:12:00,357110,Llaima,VIIRS375,0.234,22.53,0,no volcanica,2026-10-05T18:06:10,mirova-archivo,0
2022-04-17T06:12:00,357110,Llaima,VIIRS375,0.4179,22.66,0,no volcanica,2026-10-05T18:06:10,mirova-archivo,0
2022-04-25T05:24:00,357110,Llaima,VIIRS375,0.2417,20.79,0,no volcanica,2026-10-05T18:06:10,mirova-archivo,0
2022-04-28T06:06:00,357110,Llaima,VIIRS375,0.3031,20.18,0,no volcanica,2026-10-05T18:06:10,mirova-archivo,0
2022-05-01T05:12:00,357110,Llaima,VIIRS375,0.3248,17.08,0,no volcanica,2026-10-05T18:06:10,mirova-archivo,0
2022-05-15T05:48:00,357110,Llaima,VIIRS375,0.2513,14.64,0,no volcanica,2026-10-05T18:06:10,mirova-archivo,0
2022-05-18T04:54:00,357110,Llaima,VIIRS375,11.37,13.95,0,no volcanica,2026-10-05T18:06:10,mirova-archivo,0
2022-05-18T05:42:00,357110,Llaima,VIIRS750,7.262,13.52,0,no volcanica,2026-10-05T18:06:10,mirova-archivo,0
2022-05-18T05:50:00,357110,Llaima,MODIS,6.368,13.60,0,no volcanica,2026-10-05T18:06:10,mirova-archivo,0
2022-05-18T06:30:00,357110,Llaima,VIIRS375,8.087,13.43,0,no volcanica,2026-10-05T18:06:10,mirova-archivo,0
2022-05-25T06:00:00,357110,Llaima,VIIRS375,0.6197,18.21,0,no volcanica,2026-10-05T18:06:10,mirova-archivo,0
2022-06-03T04:54:00,357110,Llaima,VIIRS375,1.219,25.90,0,no volcanica,2026-10-05T18:06:10,mirova-archivo,0
2022-06-04T06:12:00,357110,Llaima,VIIRS375,0.1826,20.30,0,no volcanica,2026-10-05T18:06:10,mirova-archivo,0
2022-06-23T06:06:00,357110,Llaima,VIIRS375,0.1578,23.65,0,no volcanica,2026-10-05T18:06:10,mirova-archivo,0
2022-06-25T05:30:00,357110,Llaima,VIIRS375,0.7241,17.56,0,no volcanica,2026-10-05T18:06:10,mirova-archivo,0
2022-06-28T04:36:00,357110,Llaima,VIIRS375,0.4882,17.46,0,no volcanica,2026-10-05T18:06:10,mirova-archivo,0
2022-07-01T06:06:00,357110,Llaima,VIIRS375,0.2752,26.67,0,no volcanica,2026-10-05T18:06:10,mirova-archivo,0
2022-07-09T04:30:00,357110,Llaima,VIIRS375,0.01609,2.19,0,no volcanica,2026-10-05T18:06:10,mirova-archivo,0
2022-07-11T05:30:00,357110,Llaima,VIIRS375,0.2285,24.20,0,no volcanica,2026-10-05T18:06:10,mirova-archivo,0
2022-07-23T05:06:00,357110,Llaima,VIIRS375,0.1525,2.93,0,no volcanica,2026-10-05T18:06:10,mirova-archivo,0
2022-07-24T05:36:00,357110,Llaima,VIIRS375,0.1354,22.50,0,no volcanica,2026-10-05T18:06:10,mirova-archivo,0
2022-08-27T05:48:00,357110,Llaima,VIIRS375,0.3452,24.93,0,no volcanica,2026-10-05T18:06:10,mirova-archivo,0
2022-09-23T04:54:00,357110,Llaima,VIIRS375,0.4377,7.80,0,no volcanica,2026-10-05T18:06:10,mirova-archivo,0
2022-09-30T06:54:00,357110,Llaima,VIIRS375,1.735,1.88,0,no volcanica,2026-10-05T18:06:10,mirova-archivo,0
2022-10-22T05:00:00,357110,Llaima,VIIRS375,3.51,22.20,0,no volcanica,2026-10-05T18:06:10,mirova-archivo,0
2022-10-23T05:30:00,357110,Llaima,VIIRS375,0.04387,1.88,0,no volcanica,2026-10-05T18:06:10,mirova-archivo,0
2022-11-12T05:06:00,357110,Llaima,VIIRS375,1.846,12.01,0,no volcanica,2026-10-05T18:06:10,mirova-archivo,0
2022-11-20T05:54:00,357110,Llaima,VIIRS375,0.2629,14.93,0,no volcanica,2026-10-05T18:06:10,mirova-archivo,0
2022-12-27T13:55:00,357110,Llaima,MODIS,2.264,2.00,0,no volcanica,2026-10-05T18:06:10,mirova-archivo,0
2023-01-30T05:24:00,357110,Llaima,VIIRS375,0.08546,1.55,0,no volcanica,2026-10-05T18:06:10,mirova-archivo,0
2023-02-04T05:30:00,357110,Llaima,VIIRS375,3.472,25.33,0,no volcanica,2026-10-05T18:06:10,mirova-archivo,0
2023-03-06T04:30:00,357110,Llaima,VIIRS375,1.549,20.76,0,no volcanica,2026-10-05T18:06:10,mirova-archivo,0
2023-03-24T18:40:00,357110,Llaima,MODIS,63.61,29.73,0,no volcanica,2026-10-05T18:06:10,mirova-archivo,0
2023-04-01T19:20:00,357110,Llaima,MODIS,59.46,28.60,0,no volcanica,2026-10-05T18:06:10,mirova-archivo,0
2023-04-10T06:06:00,357110,Llaima,VIIRS375,0.3204,24.95,0,no volcanica,2026-10-05T18:06:10,mirova-archivo,0
2023-05-05T06:36:00,357110,Llaima,VIIRS375,0.7559,23.15,0,no volcanica,2026-10-05T18:06:10,mirova-archivo,0
2023-05-21T05:42:00,357110,Llaima,VIIRS375,0.08366,12.21,0,no volcanica,2026-10-05T18:06:10,mirova-archivo,0
2023-06-29T05:12:00,357110,Llaima,VIIRS375,0.691,23.61,0,no volcanica,2026-10-05T18:06:10,mirova-archivo,0
2023-07-09T05:24:00,357110,Llaima,VIIRS375,0.4623,4.06,0,no volcanica,2026-10-05T18:06:10,mirova-archivo,0
2023-07-27T05:36:00,357110,Llaima,VIIRS375,0.123,24.66,0,no volcanica,2026-10-05T18:06:10,mirova-archivo,0
2023-07-31T06:00:00,357110,Llaima,VIIRS375,0.1678,10.98,0,no volcanica,2026-10-05T18:06:10,mirova-archivo,0
2023-08-31T04:42:00,357110,Llaima,VIIRS375,0.01431,3.02,0,no volcanica,2026-10-05T18:06:10,mirova-archivo,0
2023-09-14T05:18:00,357110,Llaima,VIIRS375,0.1912,28.65,0,no volcanica,2026-10-05T18:06:10,mirova-archivo,0
2023-09-20T05:06:00,357110,Llaima,VIIRS375,6.221,21.32,0,no volcanica,2026-10-05T18:06:10,mirova-archivo,0
2023-09-25T05:12:00,357110,Llaima,VIIRS375,0.7127,20.63,0,no volcanica,2026-10-05T18:06:10,mirova-archivo,0
2023-10-23T04:48:00,357110,Llaima,VIIRS375,0.6709,22.33,0,no volcanica,2026-10-05T18:06:10,mirova-archivo,0
2023-10-28T05:42:00,357110,Llaima,VIIRS375,0.2373,18.95,0,no volcanica,2026-10-05T18:06:10,mirova-archivo,0
2023-11-11T05:30:00,357110,Llaima,VIIRS375,0.7878,22.58,0,no volcanica,2026-10-05T18:06:10,mirova-archivo,0
2023-12-07T06:30:00,357110,Llaima,VIIRS375,1.168,20.63,0,no volcanica,2026-10-05T18:06:10,mirova-archivo,0
2023-12-12T05:48:00,357110,Llaima,VIIRS375,0.4455,27.08,0,no volcanica,2026-10-05T18:06:10,mirova-archivo,0
2023-12-31T04:54:00,357110,Llaima,VIIRS375,0.7667,4.37,0,no volcanica,2026-10-05T18:06:10,mirova-archivo,0
2024-01-02T05:06:00,357110,Llaima,VIIRS375,2.033,29.43,0,no volcanica,2026-10-05T18:06:10,mirova-archivo,0
2024-01-02T05:54:00,357110,Llaima,VIIRS375,2.923,29.43,0,no volcanica,2026-10-05T18:06:10,mirova-archivo,0
2024-01-02T06:35:00,357110,Llaima,MODIS,3.143,28.84,0,no volcanica,2026-10-05T18:06:10,mirova-archivo,0
2024-01-09T05:24:00,357110,Llaima,VIIRS375,0.9421,15.02,0,no volcanica,2026-10-05T18:06:10,mirova-archivo,0
2024-02-15T02:10:00,357110,Llaima,MODIS,1.524,2.00,0,no volcanica,2026-10-05T18:06:10,mirova-archivo,0
2024-03-07T04:48:00,357110,Llaima,VIIRS375,0.03562,1.55,0,no volcanica,2026-10-05T18:06:10,mirova-archivo,0
2024-03-22T05:54:00,357110,Llaima,VIIRS375,0.2489,14.56,0,no volcanica,2026-10-05T18:06:10,mirova-archivo,0
2024-05-03T06:06:00,357110,Llaima,VIIRS375,0.2641,13.63,0,no volcanica,2026-10-05T18:06:10,mirova-archivo,0
2024-05-06T05:36:00,357110,Llaima,VIIRS375,0.2619,24.83,0,no volcanica,2026-10-05T18:06:10,mirova-archivo,0
2024-05-21T05:30:00,357110,Llaima,VIIRS375,0.3418,13.02,0,no volcanica,2026-10-05T18:06:10,mirova-archivo,0
2024-06-09T05:00:00,357110,Llaima,VIIRS375,0.9455,14.87,0,no volcanica,2026-10-05T18:06:10,mirova-archivo,0
2024-06-27T05:36:00,357110,Llaima,VIIRS375,0.4257,19.49,0,no volcanica,2026-10-05T18:06:10,mirova-archivo,0
2024-08-26T05:36:00,357110,Llaima,VIIRS375,0.3652,25.65,0,no volcanica,2026-10-05T18:06:10,mirova-archivo,0
2024-08-31T02:50:00,357110,Llaima,MODIS,0.5821,2.83,0,no volcanica,2026-10-05T18:06:10,mirova-archivo,0
2024-09-07T05:12:00,357110,Llaima,VIIRS375,0.2909,3.09,0,no volcanica,2026-10-05T18:06:10,mirova-archivo,0
2024-09-11T05:36:00,357110,Llaima,VIIRS375,0.8404,7.39,0,no volcanica,2026-10-05T18:06:10,mirova-archivo,0
2024-10-10T04:48:00,357110,Llaima,VIIRS375,0.5045,21.63,0,no volcanica,2026-10-05T18:06:10,mirova-archivo,0
2024-10-12T05:30:00,357110,Llaima,VIIRS375,0.8133,27.87,0,no volcanica,2026-10-05T18:06:10,mirova-archivo,0
2024-10-12T05:54:00,357110,Llaima,VIIRS375,0.235,27.87,0,no volcanica,2026-10-05T18:06:10,mirova-archivo,0
2024-10-13T05:36:00,357110,Llaima,VIIRS375,0.3363,11.98,0,no volcanica,2026-10-05T18:06:10,mirova-archivo,0
2024-10-19T05:00:00,357110,Llaima,VIIRS375,0.2246,17.25,0,no volcanica,2026-10-05T18:06:10,mirova-archivo,0
2025-02-14T05:12:00,357110,Llaima,VIIRS375,0.316,14.93,0,no volcanica,2026-10-05T18:06:10,mirova-archivo,0
2025-02-27T04:24:00,357110,Llaima,VIIRS375,0.3549,23.15,0,no volcanica,2026-10-05T18:06:10,mirova-archivo,0
2025-03-06T05:36:00,357110,Llaima,VIIRS375,0.2911,18.96,0,no volcanica,2026-10-05T18:06:10,mirova-archivo,0
2025-03-24T06:12:00,357110,Llaima,VIIRS375,0.5839,29.77,0,no volcanica,2026-10-05T18:06:10,mirova-archivo,0
2025-04-07T19:12:00,357110,Llaima,VIIRS750,71.5,29.77,0,no volcanica,2026-10-05T18:06:10,mirova-archivo,0
2025-04-08T19:40:00,357110,Llaima,MODIS,53.7,24.08,0,no volcanica,2026-10-05T18:06:10,mirova-archivo,0
2025-04-18T05:06:00,357110,Llaima,VIIRS375,0.7017,21.95,0,no volcanica,2026-10-05T18:06:10,mirova-archivo,0
2025-04-19T06:30:00,357110,Llaima,VIIRS375,0.5676,17.91,0,no volcanica,2026-10-05T18:06:10,mirova-archivo,0
2025-04-21T04:30:00,357110,Llaima,VIIRS375,0.01246,2.19,0,no volcanica,2026-10-05T18:06:10,mirova-archivo,0
2025-05-03T05:24:00,357110,Llaima,VIIRS375,0.1524,9.73,0,no volcanica,2026-10-05T18:06:10,mirova-archivo,0
2025-05-10T05:18:00,357110,Llaima,VIIRS375,0.1789,9.06,0,no volcanica,2026-10-05T18:06:10,mirova-archivo,0
2025-05-23T06:12:00,357110,Llaima,VIIRS375,0.1103,2.93,0,no volcanica,2026-10-05T18:06:10,mirova-archivo,0
2025-06-04T05:24:00,357110,Llaima,VIIRS375,0.4168,23.75,0,no volcanica,2026-10-05T18:06:10,mirova-archivo,0
2025-06-15T05:18:00,357110,Llaima,VIIRS375,3.732,17.69,0,no volcanica,2026-10-05T18:06:10,mirova-archivo,0
2025-06-21T05:06:00,357110,Llaima,VIIRS375,0.493,6.15,0,no volcanica,2026-10-05T18:06:10,mirova-archivo,0
2025-06-27T06:36:00,357110,Llaima,VIIRS375,0.1137,22.18,0,no volcanica,2026-10-05T18:06:10,mirova-archivo,0
2025-07-02T05:00:00,357110,Llaima,VIIRS375,0.5978,18.92,0,no volcanica,2026-10-05T18:06:10,mirova-archivo,0
2025-07-13T04:54:00,357110,Llaima,VIIRS375,2.068,22.61,0,no volcanica,2026-10-05T18:06:10,mirova-archivo,0
2025-07-18T05:24:00,357110,Llaima,VIIRS375,0.3803,23.07,0,no volcanica,2026-10-05T18:06:10,mirova-archivo,0
2025-07-24T05:12:00,357110,Llaima,VIIRS375,0.2844,27.67,0,no volcanica,2026-10-05T18:06:10,mirova-archivo,0
2025-08-16T04:42:00,357110,Llaima,VIIRS375,0.06796,2.93,0,no volcanica,2026-10-05T18:06:10,mirova-archivo,0
2025-08-22T04:24:00,357110,Llaima,VIIRS375,0.01481,2.52,0,no volcanica,2026-10-05T18:06:10,mirova-archivo,0
2025-08-25T04:48:00,357110,Llaima,VIIRS375,1.318,18.83,0,no volcanica,2026-10-05T18:06:10,mirova-archivo,0
2025-08-29T05:36:00,357110,Llaima,VIIRS375,0.4966,6.39,0,no volcanica,2026-10-05T18:06:10,mirova-archivo,0
2025-09-03T05:42:00,357110,Llaima,VIIRS375,0.3747,20.30,0,no volcanica,2026-10-05T18:06:10,mirova-archivo,0
2025-09-04T05:24:00,357110,Llaima,VIIRS375,0.2456,5.72,0,no volcanica,2026-10-05T18:06:10,mirova-archivo,0
2025-09-18T06:00:00,357110,Llaima,VIIRS375,0.1933,24.98,0,no volcanica,2026-10-05T18:06:10,mirova-archivo,0
2025-09-23T05:48:00,357110,Llaima,VIIRS375,0.4781,22.05,0,no volcanica,2026-10-05T18:06:10,mirova-archivo,0
2025-09-28T05:54:00,357110,Llaima,VIIRS375,0.1526,8.57,0,no volcanica,2026-10-05T18:06:10,mirova-archivo,0
2025-11-07T05:24:00,357110,Llaima,VIIRS375,0.2015,15.82,0,no volcanica,2026-10-05T18:06:10,mirova-archivo,0
2025-11-15T05:54:00,357110,Llaima,VIIRS375,0.8086,24.49,0,no volcanica,2026-10-05T18:06:10,mirova-archivo,0
2025-11-20T04:42:00,357110,Llaima,VIIRS750,7.978,24.57,0,no volcanica,2026-10-05T18:06:10,mirova-archivo,0
2025-11-26T04:30:00,357110,Llaima,VIIRS375,0.4588,19.88,0,no volcanica,2026-10-05T18:06:10,mirova-archivo,0
2025-12-13T05:30:00,357110,Llaima,VIIRS375,0.3133,24.79,0,no volcanica,2026-10-05T18:06:10,mirova-archivo,0
2026-01-04T17:59:00,357110,Llaima,VIIRS375,4.88,19.37,0,fuera de radio,2026-10-05T18:38:44,firms,
2026-01-04T18:49:00,357110,Llaima,VIIRS375,6.16,19.12,0,fuera de radio,2026-10-05T18:38:44,firms,
2026-04-08T19:28:00,357110,Llaima,VIIRS375,18.72,23.42,0,fuera de radio,2026-10-05T18:38:44,firms,
2026-04-09T19:08:00,357110,Llaima,VIIRS375,3.67,24.42,0,fuera de radio,2026-10-05T18:38:44,firms,
2026-04-29T17:52:00,357110,Llaima,VIIRS375,0.22,11.19,0,fuera de radio,2026-10-05T18:38:44,firms,
2026-05-01T19:47:00,357110,Llaima,VIIRS375,6.32,24.79,0,fuera de radio,2026-10-05T18:38:44,firms,
2026-05-18T17:48:00,357110,Llaima,VIIRS375,2.84,23.74,0,fuera de radio,2026-10-05T18:38:44,firms,
2026-05-20T20:48:00,357110,Llaima,MODIS,8.7,23.72,0,fuera de radio,2026-10-05T18:38:44,firms,
2026-09-07T19:15:00,357110,Llaima,VIIRS375,3.95,20.47,0,fuera de radio,2026-10-05T18:38:44,firms,
2026-09-07T19:32:00,357110,Llaima,VIIRS375,6.83,20.91,0,fuera de radio,2026-10-05T18:38:44,firms,
2026-10-05T06:48:01,357110,Llaima,VIIRS375,0,0.00,1,sin anomalia,2026-10-05T18:30:43,latest.php,
2026-10-05T06:48:01,357110,Llaima,VIIRS750,0,0.00,1,sin anomalia,2026-10-05T18:30:43,latest.php,
2026-10-05T13:45:00,357110,Llaima,MODIS,0,0.00,1,sin anomalia,2026-10-05T18:30:43,latest.php,
2026-10-05T19:48:02,357110,Llaima,VIIRS750,0,0.00,1,sin anomalia,2026-10-06T01:44:25,latest.php,
2026-10-05T21:25:00,357110,Llaima,MODIS,0,0.00,1,sin anomalia,2026-10-06T01:44:25,latest.php,
2026-10-06T01:45:00,357110,Llaima,MODIS,0,0.00,1,sin anomalia,2026-10-06T08:54:12,latest.php,
2026-10-06T04:48:01,357110,Llaima,VIIRS375,0,0.00,1,sin anomalia,2026-10-06T08:54:12,latest.php,
2026-10-06T05:30:02,357110,Llaima,VIIRS750,0,0.00,1,sin anomalia,2026-10-06T08:54:12,latest.php,
2026-10-06T06:06:00,357110,Llaima,VIIRS375,0,0.00,1,sin anomalia,2026-10-06T20:56:22,latest.php,
2026-10-06T06:06:00,357110,Llaima,VIIRS750,0,0.00,1,sin anomalia,2026-10-06T20:56:22,latest.php,
2026-10-06T12:45:00,357110,Llaima,MODIS,0,0.00,1,sin anomalia,2026-10-06T20:56:22,latest.php,
2026-10-06T19:30:02,357110,Llaima,VIIRS750,0,0.00,1,sin anomalia,2026-10-07T00:38:06,latest.php,
2026-10-06T20:25:00,357110,Llaima,MODIS,0,0.00,1,sin anomalia,2026-10-07T00:38:06,latest.php,
